# Blender 4.5.5 LTS
# www.blender.org
mtllib Hand.mtl
o Base
v 0.000000 -0.100000 -0.500000
v 0.000000 0.100000 -0.500000
v 0.097545 -0.100000 -0.490393
v 0.097545 0.100000 -0.490393
v 0.191342 -0.100000 -0.461940
v 0.191342 0.100000 -0.461940
v 0.277785 -0.100000 -0.415735
v 0.277785 0.100000 -0.415735
v 0.353553 -0.100000 -0.353553
v 0.353553 0.100000 -0.353553
v 0.415735 -0.100000 -0.277785
v 0.415735 0.100000 -0.277785
v 0.461940 -0.100000 -0.191342
v 0.461940 0.100000 -0.191342
v 0.490393 -0.100000 -0.097545
v 0.490393 0.100000 -0.097545
v 0.500000 -0.100000 0.000000
v 0.500000 0.100000 0.000000
v 0.490393 -0.100000 0.097545
v 0.490393 0.100000 0.097545
v 0.461940 -0.100000 0.191342
v 0.461940 0.100000 0.191342
v 0.415735 -0.100000 0.277785
v 0.415735 0.100000 0.277785
v 0.353553 -0.100000 0.353553
v 0.353553 0.100000 0.353553
v 0.277785 -0.100000 0.415735
v 0.277785 0.100000 0.415735
v 0.191342 -0.100000 0.461940
v 0.191342 0.100000 0.461940
v 0.097545 -0.100000 0.490393
v 0.097545 0.100000 0.490393
v 0.000000 -0.100000 0.500000
v 0.000000 0.100000 0.500000
v -0.097545 -0.100000 0.490393
v -0.097545 0.100000 0.490393
v -0.191342 -0.100000 0.461940
v -0.191342 0.100000 0.461940
v -0.277785 -0.100000 0.415735
v -0.277785 0.100000 0.415735
v -0.353553 -0.100000 0.353553
v -0.353553 0.100000 0.353553
v -0.415735 -0.100000 0.277785
v -0.415735 0.100000 0.277785
v -0.461940 -0.100000 0.191342
v -0.461940 0.100000 0.191342
v -0.490393 -0.100000 0.097545
v -0.490393 0.100000 0.097545
v -0.500000 -0.100000 0.000000
v -0.500000 0.100000 0.000000
v -0.490393 -0.100000 -0.097545
v -0.490393 0.100000 -0.097545
v -0.461940 -0.100000 -0.191342
v -0.461940 0.100000 -0.191342
v -0.415735 -0.100000 -0.277785
v -0.415735 0.100000 -0.277785
v -0.353553 -0.100000 -0.353553
v -0.353553 0.100000 -0.353553
v -0.277785 -0.100000 -0.415735
v -0.277785 0.100000 -0.415735
v -0.191342 -0.100000 -0.461940
v -0.191342 0.100000 -0.461940
v -0.097545 -0.100000 -0.490393
v -0.097545 0.100000 -0.490393
vn 0.0980 -0.0000 -0.9952
vn 0.2903 -0.0000 -0.9569
vn 0.4714 -0.0000 -0.8819
vn 0.6344 -0.0000 -0.7730
vn 0.7730 -0.0000 -0.6344
vn 0.8819 -0.0000 -0.4714
vn 0.9569 -0.0000 -0.2903
vn 0.9952 -0.0000 -0.0980
vn 0.9952 -0.0000 0.0980
vn 0.9569 -0.0000 0.2903
vn 0.8819 -0.0000 0.4714
vn 0.7730 -0.0000 0.6344
vn 0.6344 -0.0000 0.7730
vn 0.4714 -0.0000 0.8819
vn 0.2903 -0.0000 0.9569
vn 0.0980 -0.0000 0.9952
vn -0.0980 -0.0000 0.9952
vn -0.2903 -0.0000 0.9569
vn -0.4714 -0.0000 0.8819
vn -0.6344 -0.0000 0.7730
vn -0.7730 -0.0000 0.6344
vn -0.8819 -0.0000 0.4714
vn -0.9569 -0.0000 0.2903
vn -0.9952 -0.0000 0.0980
vn -0.9952 -0.0000 -0.0980
vn -0.9569 -0.0000 -0.2903
vn -0.8819 -0.0000 -0.4714
vn -0.7730 -0.0000 -0.6344
vn -0.6344 -0.0000 -0.7730
vn -0.4714 -0.0000 -0.8819
vn -0.0000 1.0000 -0.0000
vn -0.2903 -0.0000 -0.9569
vn -0.0980 -0.0000 -0.9952
vn -0.0000 -1.0000 -0.0000
vt 1.000000 0.500000
vt 1.000000 1.000000
vt 0.968750 1.000000
vt 0.968750 0.500000
vt 0.937500 1.000000
vt 0.937500 0.500000
vt 0.906250 1.000000
vt 0.906250 0.500000
vt 0.875000 1.000000
vt 0.875000 0.500000
vt 0.843750 1.000000
vt 0.843750 0.500000
vt 0.812500 1.000000
vt 0.812500 0.500000
vt 0.781250 1.000000
vt 0.781250 0.500000
vt 0.750000 1.000000
vt 0.750000 0.500000
vt 0.718750 1.000000
vt 0.718750 0.500000
vt 0.687500 1.000000
vt 0.687500 0.500000
vt 0.656250 1.000000
vt 0.656250 0.500000
vt 0.625000 1.000000
vt 0.625000 0.500000
vt 0.593750 1.000000
vt 0.593750 0.500000
vt 0.562500 1.000000
vt 0.562500 0.500000
vt 0.531250 1.000000
vt 0.531250 0.500000
vt 0.500000 1.000000
vt 0.500000 0.500000
vt 0.468750 1.000000
vt 0.468750 0.500000
vt 0.437500 1.000000
vt 0.437500 0.500000
vt 0.406250 1.000000
vt 0.406250 0.500000
vt 0.375000 1.000000
vt 0.375000 0.500000
vt 0.343750 1.000000
vt 0.343750 0.500000
vt 0.312500 1.000000
vt 0.312500 0.500000
vt 0.281250 1.000000
vt 0.281250 0.500000
vt 0.250000 1.000000
vt 0.250000 0.500000
vt 0.218750 1.000000
vt 0.218750 0.500000
vt 0.187500 1.000000
vt 0.187500 0.500000
vt 0.156250 1.000000
vt 0.156250 0.500000
vt 0.125000 1.000000
vt 0.125000 0.500000
vt 0.093750 1.000000
vt 0.093750 0.500000
vt 0.062500 1.000000
vt 0.062500 0.500000
vt 0.296822 0.485388
vt 0.250000 0.490000
vt 0.203178 0.485388
vt 0.158156 0.471731
vt 0.116663 0.449553
vt 0.080294 0.419706
vt 0.050447 0.383337
vt 0.028269 0.341844
vt 0.014612 0.296822
vt 0.010000 0.250000
vt 0.014612 0.203178
vt 0.028269 0.158156
vt 0.050447 0.116663
vt 0.080294 0.080294
vt 0.116663 0.050447
vt 0.158156 0.028269
vt 0.203178 0.014612
vt 0.250000 0.010000
vt 0.296822 0.014612
vt 0.341844 0.028269
vt 0.383337 0.050447
vt 0.419706 0.080294
vt 0.449553 0.116663
vt 0.471731 0.158156
vt 0.485388 0.203178
vt 0.490000 0.250000
vt 0.485388 0.296822
vt 0.471731 0.341844
vt 0.449553 0.383337
vt 0.419706 0.419706
vt 0.383337 0.449553
vt 0.341844 0.471731
vt 0.031250 1.000000
vt 0.031250 0.500000
vt 0.000000 1.000000
vt 0.000000 0.500000
vt 0.750000 0.490000
vt 0.796822 0.485388
vt 0.841844 0.471731
vt 0.883337 0.449553
vt 0.919706 0.419706
vt 0.949553 0.383337
vt 0.971731 0.341844
vt 0.985388 0.296822
vt 0.990000 0.250000
vt 0.985388 0.203178
vt 0.971731 0.158156
vt 0.949553 0.116663
vt 0.919706 0.080294
vt 0.883337 0.050447
vt 0.841844 0.028269
vt 0.796822 0.014612
vt 0.750000 0.010000
vt 0.703178 0.014612
vt 0.658156 0.028269
vt 0.616663 0.050447
vt 0.580294 0.080294
vt 0.550447 0.116663
vt 0.528269 0.158156
vt 0.514612 0.203178
vt 0.510000 0.250000
vt 0.514612 0.296822
vt 0.528269 0.341844
vt 0.550447 0.383337
vt 0.580294 0.419706
vt 0.616663 0.449553
vt 0.658156 0.471731
vt 0.703178 0.485388
s 0
f 1/1/1 2/2/1 4/3/1 3/4/1
f 3/4/2 4/3/2 6/5/2 5/6/2
f 5/6/3 6/5/3 8/7/3 7/8/3
f 7/8/4 8/7/4 10/9/4 9/10/4
f 9/10/5 10/9/5 12/11/5 11/12/5
f 11/12/6 12/11/6 14/13/6 13/14/6
f 13/14/7 14/13/7 16/15/7 15/16/7
f 15/16/8 16/15/8 18/17/8 17/18/8
f 17/18/9 18/17/9 20/19/9 19/20/9
f 19/20/10 20/19/10 22/21/10 21/22/10
f 21/22/11 22/21/11 24/23/11 23/24/11
f 23/24/12 24/23/12 26/25/12 25/26/12
f 25/26/13 26/25/13 28/27/13 27/28/13
f 27/28/14 28/27/14 30/29/14 29/30/14
f 29/30/15 30/29/15 32/31/15 31/32/15
f 31/32/16 32/31/16 34/33/16 33/34/16
f 33/34/17 34/33/17 36/35/17 35/36/17
f 35/36/18 36/35/18 38/37/18 37/38/18
f 37/38/19 38/37/19 40/39/19 39/40/19
f 39/40/20 40/39/20 42/41/20 41/42/20
f 41/42/21 42/41/21 44/43/21 43/44/21
f 43/44/22 44/43/22 46/45/22 45/46/22
f 45/46/23 46/45/23 48/47/23 47/48/23
f 47/48/24 48/47/24 50/49/24 49/50/24
f 49/50/25 50/49/25 52/51/25 51/52/25
f 51/52/26 52/51/26 54/53/26 53/54/26
f 53/54/27 54/53/27 56/55/27 55/56/27
f 55/56/28 56/55/28 58/57/28 57/58/28
f 57/58/29 58/57/29 60/59/29 59/60/29
f 59/60/30 60/59/30 62/61/30 61/62/30
f 4/63/31 2/64/31 64/65/31 62/66/31 60/67/31 58/68/31 56/69/31 54/70/31 52/71/31 50/72/31 48/73/31 46/74/31 44/75/31 42/76/31 40/77/31 38/78/31 36/79/31 34/80/31 32/81/31 30/82/31 28/83/31 26/84/31 24/85/31 22/86/31 20/87/31 18/88/31 16/89/31 14/90/31 12/91/31 10/92/31 8/93/31 6/94/31
f 61/62/32 62/61/32 64/95/32 63/96/32
f 63/96/33 64/95/33 2/97/33 1/98/33
f 1/99/34 3/100/34 5/101/34 7/102/34 9/103/34 11/104/34 13/105/34 15/106/34 17/107/34 19/108/34 21/109/34 23/110/34 25/111/34 27/112/34 29/113/34 31/114/34 33/115/34 35/116/34 37/117/34 39/118/34 41/119/34 43/120/34 45/121/34 47/122/34 49/123/34 51/124/34 53/125/34 55/126/34 57/127/34 59/128/34 61/129/34 63/130/34
o UpperArm
v 0.000000 0.000000 -0.179903
v 0.000000 0.020000 -0.200000
v 0.000000 0.002679 -0.189952
v 0.000000 0.010000 -0.197308
v 0.000000 2.000000 -0.179903
v 0.000000 1.980000 -0.200000
v 0.000000 1.997321 -0.189952
v 0.000000 1.990000 -0.197308
v 0.035097 0.000000 -0.176446
v 0.039018 0.020000 -0.196157
v 0.037058 0.002679 -0.186302
v 0.038493 0.010000 -0.193516
v 0.035097 2.000000 -0.176446
v 0.039018 1.980000 -0.196157
v 0.037058 1.997321 -0.186302
v 0.038493 1.990000 -0.193516
v 0.068846 0.000000 -0.166209
v 0.076537 0.020000 -0.184776
v 0.072691 0.002679 -0.175492
v 0.075506 0.010000 -0.182288
v 0.068846 2.000000 -0.166209
v 0.076537 1.980000 -0.184776
v 0.072691 1.997321 -0.175492
v 0.075506 1.990000 -0.182288
v 0.099949 0.000000 -0.149584
v 0.111114 0.020000 -0.166294
v 0.105531 0.002679 -0.157939
v 0.109618 0.010000 -0.164055
v 0.099949 2.000000 -0.149584
v 0.111114 1.980000 -0.166294
v 0.105531 1.997321 -0.157939
v 0.109618 1.990000 -0.164055
v 0.127211 0.000000 -0.127211
v 0.141421 0.020000 -0.141421
v 0.134316 0.002679 -0.134316
v 0.139518 0.010000 -0.139518
v 0.127211 2.000000 -0.127211
v 0.141421 1.980000 -0.141421
v 0.134316 1.997321 -0.134316
v 0.139518 1.990000 -0.139518
v 0.149584 0.000000 -0.099949
v 0.166294 0.020000 -0.111114
v 0.157939 0.002679 -0.105531
v 0.164055 0.010000 -0.109618
v 0.149584 2.000000 -0.099949
v 0.166294 1.980000 -0.111114
v 0.157939 1.997321 -0.105531
v 0.164055 1.990000 -0.109618
v 0.166209 0.000000 -0.068846
v 0.184776 0.020000 -0.076537
v 0.175492 0.002679 -0.072691
v 0.182288 0.010000 -0.075506
v 0.166209 2.000000 -0.068846
v 0.184776 1.980000 -0.076537
v 0.175492 1.997321 -0.072691
v 0.182288 1.990000 -0.075506
v 0.176446 0.000000 -0.035097
v 0.196157 0.020000 -0.039018
v 0.186302 0.002679 -0.037058
v 0.193516 0.010000 -0.038493
v 0.176446 2.000000 -0.035097
v 0.196157 1.980000 -0.039018
v 0.186302 1.997321 -0.037058
v 0.193516 1.990000 -0.038493
v 0.179903 0.000000 0.000000
v 0.200000 0.020000 0.000000
v 0.189952 0.002679 0.000000
v 0.197308 0.010000 0.000000
v 0.179903 2.000000 0.000000
v 0.200000 1.980000 0.000000
v 0.189952 1.997321 0.000000
v 0.197308 1.990000 0.000000
v 0.176446 0.000000 0.035097
v 0.196157 0.020000 0.039018
v 0.186302 0.002679 0.037058
v 0.193516 0.010000 0.038493
v 0.176446 2.000000 0.035097
v 0.196157 1.980000 0.039018
v 0.186302 1.997321 0.037058
v 0.193516 1.990000 0.038493
v 0.166209 0.000000 0.068846
v 0.184776 0.020000 0.076537
v 0.175492 0.002679 0.072691
v 0.182288 0.010000 0.075506
v 0.166209 2.000000 0.068846
v 0.184776 1.980000 0.076537
v 0.175492 1.997321 0.072691
v 0.182288 1.990000 0.075506
v 0.149584 0.000000 0.099949
v 0.166294 0.020000 0.111114
v 0.157939 0.002679 0.105531
v 0.164055 0.010000 0.109618
v 0.149584 2.000000 0.099949
v 0.166294 1.980000 0.111114
v 0.157939 1.997321 0.105531
v 0.164055 1.990000 0.109618
v 0.127211 0.000000 0.127211
v 0.141421 0.020000 0.141421
v 0.134316 0.002679 0.134316
v 0.139518 0.010000 0.139518
v 0.127211 2.000000 0.127211
v 0.141421 1.980000 0.141421
v 0.134316 1.997321 0.134316
v 0.139518 1.990000 0.139518
v 0.099949 0.000000 0.149584
v 0.111114 0.020000 0.166294
v 0.105531 0.002679 0.157939
v 0.109618 0.010000 0.164055
v 0.099949 2.000000 0.149584
v 0.111114 1.980000 0.166294
v 0.105531 1.997321 0.157939
v 0.109618 1.990000 0.164055
v 0.068846 0.000000 0.166209
v 0.076537 0.020000 0.184776
v 0.072691 0.002679 0.175492
v 0.075506 0.010000 0.182288
v 0.068846 2.000000 0.166209
v 0.076537 1.980000 0.184776
v 0.072691 1.997321 0.175492
v 0.075506 1.990000 0.182288
v 0.035097 0.000000 0.176446
v 0.039018 0.020000 0.196157
v 0.037058 0.002679 0.186302
v 0.038493 0.010000 0.193516
v 0.035097 2.000000 0.176446
v 0.039018 1.980000 0.196157
v 0.037058 1.997321 0.186302
v 0.038493 1.990000 0.193516
v 0.000000 0.000000 0.179903
v 0.000000 0.020000 0.200000
v 0.000000 0.002679 0.189952
v 0.000000 0.010000 0.197308
v 0.000000 2.000000 0.179903
v 0.000000 1.980000 0.200000
v 0.000000 1.997321 0.189952
v 0.000000 1.990000 0.197308
v -0.035097 0.000000 0.176446
v -0.039018 0.020000 0.196157
v -0.037058 0.002679 0.186302
v -0.038493 0.010000 0.193516
v -0.035097 2.000000 0.176446
v -0.039018 1.980000 0.196157
v -0.037058 1.997321 0.186302
v -0.038493 1.990000 0.193516
v -0.068846 0.000000 0.166209
v -0.076537 0.020000 0.184776
v -0.072691 0.002679 0.175492
v -0.075506 0.010000 0.182288
v -0.068846 2.000000 0.166209
v -0.076537 1.980000 0.184776
v -0.072691 1.997321 0.175492
v -0.075506 1.990000 0.182288
v -0.099949 0.000000 0.149584
v -0.111114 0.020000 0.166294
v -0.105531 0.002679 0.157939
v -0.109618 0.010000 0.164055
v -0.099949 2.000000 0.149584
v -0.111114 1.980000 0.166294
v -0.105531 1.997321 0.157939
v -0.109618 1.990000 0.164055
v -0.127211 0.000000 0.127211
v -0.141421 0.020000 0.141421
v -0.134316 0.002679 0.134316
v -0.139518 0.010000 0.139518
v -0.127211 2.000000 0.127211
v -0.141421 1.980000 0.141421
v -0.134316 1.997321 0.134316
v -0.139518 1.990000 0.139518
v -0.149584 0.000000 0.099949
v -0.166294 0.020000 0.111114
v -0.157939 0.002679 0.105531
v -0.164055 0.010000 0.109618
v -0.149584 2.000000 0.099949
v -0.166294 1.980000 0.111114
v -0.157939 1.997321 0.105531
v -0.164055 1.990000 0.109618
v -0.166209 0.000000 0.068846
v -0.184776 0.020000 0.076537
v -0.175492 0.002679 0.072691
v -0.182288 0.010000 0.075506
v -0.166209 2.000000 0.068846
v -0.184776 1.980000 0.076537
v -0.175492 1.997321 0.072691
v -0.182288 1.990000 0.075506
v -0.176446 0.000000 0.035097
v -0.196157 0.020000 0.039018
v -0.186302 0.002679 0.037058
v -0.193516 0.010000 0.038493
v -0.176446 2.000000 0.035097
v -0.196157 1.980000 0.039018
v -0.186302 1.997321 0.037058
v -0.193516 1.990000 0.038493
v -0.179903 0.000000 0.000000
v -0.200000 0.020000 0.000000
v -0.189952 0.002679 0.000000
v -0.197308 0.010000 0.000000
v -0.179903 2.000000 0.000000
v -0.200000 1.980000 0.000000
v -0.189952 1.997321 0.000000
v -0.197308 1.990000 0.000000
v -0.176446 0.000000 -0.035097
v -0.196157 0.020000 -0.039018
v -0.186302 0.002679 -0.037058
v -0.193516 0.010000 -0.038493
v -0.176446 2.000000 -0.035097
v -0.196157 1.980000 -0.039018
v -0.186302 1.997321 -0.037058
v -0.193516 1.990000 -0.038493
v -0.166209 0.000000 -0.068846
v -0.184776 0.020000 -0.076537
v -0.175492 0.002679 -0.072691
v -0.182288 0.010000 -0.075506
v -0.166209 2.000000 -0.068846
v -0.184776 1.980000 -0.076537
v -0.175492 1.997321 -0.072691
v -0.182288 1.990000 -0.075506
v -0.149584 0.000000 -0.099949
v -0.166294 0.020000 -0.111114
v -0.157939 0.002679 -0.105531
v -0.164055 0.010000 -0.109618
v -0.149584 2.000000 -0.099949
v -0.166294 1.980000 -0.111114
v -0.157939 1.997321 -0.105531
v -0.164055 1.990000 -0.109618
v -0.127211 0.000000 -0.127211
v -0.141421 0.020000 -0.141421
v -0.134316 0.002679 -0.134316
v -0.139518 0.010000 -0.139518
v -0.127211 2.000000 -0.127211
v -0.141421 1.980000 -0.141421
v -0.134316 1.997321 -0.134316
v -0.139518 1.990000 -0.139518
v -0.099949 0.000000 -0.149584
v -0.111114 0.020000 -0.166294
v -0.105531 0.002679 -0.157939
v -0.109618 0.010000 -0.164055
v -0.099949 2.000000 -0.149584
v -0.111114 1.980000 -0.166294
v -0.105531 1.997321 -0.157939
v -0.109618 1.990000 -0.164055
v -0.068846 0.000000 -0.166209
v -0.076537 0.020000 -0.184776
v -0.072691 0.002679 -0.175492
v -0.075506 0.010000 -0.182288
v -0.068846 2.000000 -0.166209
v -0.076537 1.980000 -0.184776
v -0.072691 1.997321 -0.175492
v -0.075506 1.990000 -0.182288
v -0.035097 0.000000 -0.176446
v -0.039018 0.020000 -0.196157
v -0.037058 0.002679 -0.186302
v -0.038493 0.010000 -0.193516
v -0.035097 2.000000 -0.176446
v -0.039018 1.980000 -0.196157
v -0.037058 1.997321 -0.186302
v -0.038493 1.990000 -0.193516
vn 0.0947 -0.2588 -0.9613
vn 0.0693 -0.7071 -0.7037
vn 0.0254 -0.9659 -0.2576
vn 0.0947 0.2588 -0.9613
vn 0.0693 0.7071 -0.7037
vn 0.0254 0.9659 -0.2576
vn 0.2804 -0.2588 -0.9243
vn 0.2053 -0.7071 -0.6767
vn 0.0751 -0.9659 -0.2477
vn 0.2804 0.2588 -0.9243
vn 0.2053 0.7071 -0.6767
vn 0.0751 0.9659 -0.2477
vn 0.4553 -0.2588 -0.8519
vn 0.3333 -0.7071 -0.6236
vn 0.1220 -0.9659 -0.2283
vn 0.4553 0.2588 -0.8519
vn 0.3333 0.7071 -0.6236
vn 0.1220 0.9659 -0.2283
vn 0.6128 -0.2588 -0.7467
vn 0.4486 -0.7071 -0.5466
vn 0.1642 -0.9659 -0.2001
vn 0.6128 0.2588 -0.7467
vn 0.4486 0.7071 -0.5466
vn 0.1642 0.9659 -0.2001
vn 0.7467 -0.2588 -0.6128
vn 0.5466 -0.7071 -0.4486
vn 0.2001 -0.9659 -0.1642
vn 0.7467 0.2588 -0.6128
vn 0.5466 0.7071 -0.4486
vn 0.2001 0.9659 -0.1642
vn 0.8519 -0.2588 -0.4553
vn 0.6236 -0.7071 -0.3333
vn 0.2283 -0.9659 -0.1220
vn 0.8519 0.2588 -0.4553
vn 0.6236 0.7071 -0.3333
vn 0.2282 0.9659 -0.1220
vn 0.9243 -0.2588 -0.2804
vn 0.6767 -0.7071 -0.2053
vn 0.2477 -0.9659 -0.0751
vn 0.9243 0.2588 -0.2804
vn 0.6767 0.7071 -0.2053
vn 0.2477 0.9659 -0.0751
vn 0.9613 -0.2588 -0.0947
vn 0.7037 -0.7071 -0.0693
vn 0.2576 -0.9659 -0.0254
vn 0.9613 0.2588 -0.0947
vn 0.7037 0.7071 -0.0693
vn 0.2576 0.9659 -0.0254
vn 0.9613 -0.2588 0.0947
vn 0.7037 -0.7071 0.0693
vn 0.2576 -0.9659 0.0254
vn 0.9613 0.2588 0.0947
vn 0.7037 0.7071 0.0693
vn 0.2576 0.9659 0.0254
vn 0.9243 -0.2588 0.2804
vn 0.6767 -0.7071 0.2053
vn 0.2477 -0.9659 0.0751
vn 0.9243 0.2588 0.2804
vn 0.6767 0.7071 0.2053
vn 0.2477 0.9659 0.0751
vn 0.8519 -0.2588 0.4553
vn 0.6236 -0.7071 0.3333
vn 0.2283 -0.9659 0.1220
vn 0.8519 0.2588 0.4553
vn 0.6236 0.7071 0.3333
vn 0.2282 0.9659 0.1220
vn 0.7467 -0.2588 0.6128
vn 0.5466 -0.7071 0.4486
vn 0.2001 -0.9659 0.1642
vn 0.7467 0.2588 0.6128
vn 0.5466 0.7071 0.4486
vn 0.2001 0.9659 0.1642
vn 0.6128 -0.2588 0.7467
vn 0.4486 -0.7071 0.5466
vn 0.1642 -0.9659 0.2001
vn 0.6128 0.2588 0.7467
vn 0.4486 0.7071 0.5466
vn 0.1642 0.9659 0.2001
vn 0.4553 -0.2588 0.8519
vn 0.3333 -0.7071 0.6236
vn 0.1220 -0.9659 0.2283
vn 0.4553 0.2588 0.8519
vn 0.3333 0.7071 0.6236
vn 0.1220 0.9659 0.2283
vn 0.2804 -0.2588 0.9243
vn 0.2053 -0.7071 0.6767
vn 0.0751 -0.9659 0.2477
vn 0.2804 0.2588 0.9243
vn 0.2053 0.7071 0.6767
vn 0.0751 0.9659 0.2477
vn 0.0947 -0.2588 0.9613
vn 0.0693 -0.7071 0.7037
vn 0.0254 -0.9659 0.2576
vn 0.0947 0.2588 0.9613
vn 0.0693 0.7071 0.7037
vn 0.0254 0.9659 0.2576
vn -0.0947 -0.2588 0.9613
vn -0.0693 -0.7071 0.7037
vn -0.0254 -0.9659 0.2576
vn -0.0947 0.2588 0.9613
vn -0.0693 0.7071 0.7037
vn -0.0254 0.9659 0.2576
vn -0.2804 -0.2588 0.9243
vn -0.2053 -0.7071 0.6767
vn -0.0751 -0.9659 0.2477
vn -0.2804 0.2588 0.9243
vn -0.2053 0.7071 0.6767
vn -0.0751 0.9659 0.2477
vn -0.4553 -0.2588 0.8519
vn -0.3333 -0.7071 0.6236
vn -0.1220 -0.9659 0.2283
vn -0.4553 0.2588 0.8519
vn -0.3333 0.7071 0.6236
vn -0.1220 0.9659 0.2283
vn -0.6128 -0.2588 0.7467
vn -0.4486 -0.7071 0.5466
vn -0.1642 -0.9659 0.2001
vn -0.6128 0.2588 0.7467
vn -0.4486 0.7071 0.5466
vn -0.1642 0.9659 0.2001
vn -0.7467 -0.2588 0.6128
vn -0.5466 -0.7071 0.4486
vn -0.2001 -0.9659 0.1642
vn -0.7467 0.2588 0.6128
vn -0.5466 0.7071 0.4486
vn -0.2001 0.9659 0.1642
vn -0.8519 -0.2588 0.4553
vn -0.6236 -0.7071 0.3333
vn -0.2283 -0.9659 0.1220
vn -0.8519 0.2588 0.4553
vn -0.6236 0.7071 0.3333
vn -0.2282 0.9659 0.1220
vn -0.9243 -0.2588 0.2804
vn -0.6767 -0.7071 0.2053
vn -0.2477 -0.9659 0.0751
vn -0.9243 0.2588 0.2804
vn -0.6767 0.7071 0.2053
vn -0.2477 0.9659 0.0751
vn -0.9613 -0.2588 0.0947
vn -0.7037 -0.7071 0.0693
vn -0.2576 -0.9659 0.0254
vn -0.9613 0.2588 0.0947
vn -0.7037 0.7071 0.0693
vn -0.2576 0.9659 0.0254
vn -0.9613 -0.2588 -0.0947
vn -0.7037 -0.7071 -0.0693
vn -0.2576 -0.9659 -0.0254
vn -0.9613 0.2588 -0.0947
vn -0.7037 0.7071 -0.0693
vn -0.2576 0.9659 -0.0254
vn -0.9243 -0.2588 -0.2804
vn -0.6767 -0.7071 -0.2053
vn -0.2477 -0.9659 -0.0751
vn -0.9243 0.2588 -0.2804
vn -0.6767 0.7071 -0.2053
vn -0.2477 0.9659 -0.0751
vn -0.8519 -0.2588 -0.4553
vn -0.6236 -0.7071 -0.3333
vn -0.2283 -0.9659 -0.1220
vn -0.8519 0.2588 -0.4553
vn -0.6236 0.7071 -0.3333
vn -0.2282 0.9659 -0.1220
vn -0.7467 -0.2588 -0.6128
vn -0.5466 -0.7071 -0.4486
vn -0.2001 -0.9659 -0.1642
vn -0.7467 0.2588 -0.6128
vn -0.5466 0.7071 -0.4486
vn -0.2001 0.9659 -0.1642
vn -0.6128 -0.2588 -0.7467
vn -0.4486 -0.7071 -0.5466
vn -0.1642 -0.9659 -0.2001
vn -0.6128 0.2588 -0.7467
vn -0.4486 0.7071 -0.5466
vn -0.1642 0.9659 -0.2001
vn -0.4553 -0.2588 -0.8519
vn -0.3333 -0.7071 -0.6236
vn -0.1220 -0.9659 -0.2283
vn -0.4553 0.2588 -0.8519
vn -0.3333 0.7071 -0.6236
vn -0.1220 0.9659 -0.2283
vn -0.2804 -0.2588 -0.9243
vn -0.2053 -0.7071 -0.6767
vn -0.0751 -0.9659 -0.2477
vn -0.2804 0.2588 -0.9243
vn -0.2053 0.7071 -0.6767
vn -0.0751 0.9659 -0.2477
vn -0.0947 -0.2588 -0.9613
vn -0.0693 -0.7071 -0.7037
vn -0.0254 -0.9659 -0.2576
vn -0.0947 0.2588 -0.9613
vn -0.0693 0.7071 -0.7037
vn -0.0254 0.9659 -0.2576
vn -0.0000 -1.0000 -0.0000
vn 0.0980 -0.0000 -0.9952
vn -0.0980 -0.0000 -0.9952
vn -0.0000 1.0000 -0.0000
vn 0.2903 -0.0000 -0.9569
vn 0.4714 -0.0000 -0.8819
vn 0.6344 -0.0000 -0.7730
vn 0.7730 -0.0000 -0.6344
vn 0.8819 -0.0000 -0.4714
vn 0.9569 -0.0000 -0.2903
vn 0.9952 -0.0000 -0.0980
vn 0.9952 -0.0000 0.0980
vn 0.9569 -0.0000 0.2903
vn 0.8819 -0.0000 0.4714
vn 0.7730 -0.0000 0.6344
vn 0.6344 -0.0000 0.7730
vn 0.4714 -0.0000 0.8819
vn 0.2903 -0.0000 0.9569
vn 0.0980 -0.0000 0.9952
vn -0.0980 -0.0000 0.9952
vn -0.2903 -0.0000 0.9569
vn -0.4714 -0.0000 0.8819
vn -0.6344 -0.0000 0.7730
vn -0.7730 -0.0000 0.6344
vn -0.8819 -0.0000 0.4714
vn -0.9569 -0.0000 0.2903
vn -0.9952 -0.0000 0.0980
vn -0.9952 -0.0000 -0.0980
vn -0.9569 -0.0000 -0.2903
vn -0.8819 -0.0000 -0.4714
vn -0.7730 -0.0000 -0.6344
vn -0.6344 -0.0000 -0.7730
vn -0.4714 -0.0000 -0.8819
vn -0.2903 -0.0000 -0.9569
vt 1.000000 0.505000
vt 0.968750 0.505000
vt 0.968750 0.500000
vt 0.999790 0.500000
vt 0.750000 0.489969
vt 0.796816 0.485358
vt 0.794469 0.473562
vt 0.750000 0.477942
vt 0.792117 0.461736
vt 0.750000 0.465884
vt 0.968750 0.995000
vt 1.000000 0.995000
vt 0.999790 1.000000
vt 0.968750 1.000000
vt 0.296816 0.485358
vt 0.250000 0.489969
vt 0.250000 0.477942
vt 0.294469 0.473562
vt 0.250000 0.465884
vt 0.292117 0.461736
vt 0.937500 0.505000
vt 0.937500 0.500000
vt 0.841832 0.471702
vt 0.837230 0.460591
vt 0.832615 0.449451
vt 0.937500 0.995000
vt 0.937500 1.000000
vt 0.341832 0.471702
vt 0.337230 0.460591
vt 0.332615 0.449451
vt 0.906250 0.505000
vt 0.906250 0.500000
vt 0.883320 0.449527
vt 0.876638 0.439527
vt 0.869939 0.429501
vt 0.906250 0.995000
vt 0.906250 1.000000
vt 0.383320 0.449527
vt 0.376638 0.439527
vt 0.369939 0.429501
vt 0.875000 0.505000
vt 0.875000 0.500000
vt 0.919684 0.419684
vt 0.911179 0.411179
vt 0.902653 0.402653
vt 0.875000 0.995000
vt 0.875000 1.000000
vt 0.419684 0.419684
vt 0.411179 0.411179
vt 0.402653 0.402653
vt 0.843750 0.505000
vt 0.843750 0.500000
vt 0.949527 0.383320
vt 0.939527 0.376638
vt 0.929501 0.369939
vt 0.843750 0.995000
vt 0.843750 1.000000
vt 0.449527 0.383320
vt 0.439527 0.376638
vt 0.429501 0.369939
vt 0.812500 0.505000
vt 0.812500 0.500000
vt 0.971702 0.341832
vt 0.960591 0.337230
vt 0.949451 0.332615
vt 0.812500 0.995000
vt 0.812500 1.000000
vt 0.471702 0.341832
vt 0.460591 0.337230
vt 0.449451 0.332615
vt 0.781250 0.505000
vt 0.781250 0.500000
vt 0.985358 0.296816
vt 0.973562 0.294469
vt 0.961736 0.292117
vt 0.781250 0.995000
vt 0.781250 1.000000
vt 0.485358 0.296816
vt 0.473562 0.294469
vt 0.461736 0.292117
vt 0.750000 0.505000
vt 0.750000 0.500000
vt 0.989969 0.250000
vt 0.977942 0.250000
vt 0.965884 0.250000
vt 0.750000 0.995000
vt 0.750000 1.000000
vt 0.489969 0.250000
vt 0.477942 0.250000
vt 0.465884 0.250000
vt 0.718750 0.505000
vt 0.718750 0.500000
vt 0.985358 0.203184
vt 0.973562 0.205531
vt 0.961736 0.207883
vt 0.718750 0.995000
vt 0.718750 1.000000
vt 0.485358 0.203184
vt 0.473562 0.205531
vt 0.461736 0.207883
vt 0.687500 0.505000
vt 0.687500 0.500000
vt 0.971702 0.158168
vt 0.960591 0.162770
vt 0.949451 0.167385
vt 0.687500 0.995000
vt 0.687500 1.000000
vt 0.471702 0.158168
vt 0.460591 0.162770
vt 0.449451 0.167385
vt 0.656250 0.505000
vt 0.656250 0.500000
vt 0.949527 0.116680
vt 0.939527 0.123362
vt 0.929501 0.130061
vt 0.656250 0.995000
vt 0.656250 1.000000
vt 0.449527 0.116680
vt 0.439527 0.123362
vt 0.429501 0.130061
vt 0.625000 0.505000
vt 0.625000 0.500000
vt 0.919684 0.080316
vt 0.911179 0.088821
vt 0.902653 0.097347
vt 0.625000 0.995000
vt 0.625000 1.000000
vt 0.419684 0.080316
vt 0.411179 0.088821
vt 0.402653 0.097347
vt 0.593750 0.505000
vt 0.593750 0.500000
vt 0.883319 0.050473
vt 0.876638 0.060473
vt 0.869939 0.070499
vt 0.593750 0.995000
vt 0.593750 1.000000
vt 0.383320 0.050473
vt 0.376638 0.060473
vt 0.369939 0.070499
vt 0.562500 0.505000
vt 0.562500 0.500000
vt 0.841832 0.028298
vt 0.837229 0.039409
vt 0.832615 0.050549
vt 0.562500 0.995000
vt 0.562500 1.000000
vt 0.341832 0.028298
vt 0.337230 0.039409
vt 0.332615 0.050549
vt 0.531250 0.505000
vt 0.531250 0.500000
vt 0.796816 0.014642
vt 0.794469 0.026438
vt 0.792117 0.038264
vt 0.531250 0.995000
vt 0.531250 1.000000
vt 0.296816 0.014642
vt 0.294469 0.026438
vt 0.292117 0.038264
vt 0.500000 0.505000
vt 0.500000 0.500000
vt 0.750000 0.010031
vt 0.750000 0.022058
vt 0.750000 0.034116
vt 0.500000 0.995000
vt 0.500000 1.000000
vt 0.250000 0.010031
vt 0.250000 0.022058
vt 0.250000 0.034116
vt 0.468750 0.505000
vt 0.468750 0.500000
vt 0.703184 0.014642
vt 0.705531 0.026438
vt 0.707883 0.038264
vt 0.468750 0.995000
vt 0.468750 1.000000
vt 0.203184 0.014642
vt 0.205531 0.026438
vt 0.207883 0.038264
vt 0.437500 0.505000
vt 0.437500 0.500000
vt 0.658168 0.028298
vt 0.662770 0.039409
vt 0.667385 0.050549
vt 0.437500 0.995000
vt 0.437500 1.000000
vt 0.158168 0.028298
vt 0.162770 0.039409
vt 0.167385 0.050549
vt 0.406250 0.505000
vt 0.406250 0.500000
vt 0.616680 0.050473
vt 0.623362 0.060473
vt 0.630061 0.070499
vt 0.406250 0.995000
vt 0.406250 1.000000
vt 0.116680 0.050473
vt 0.123362 0.060473
vt 0.130061 0.070499
vt 0.375000 0.505000
vt 0.375000 0.500000
vt 0.580316 0.080316
vt 0.588821 0.088821
vt 0.597347 0.097347
vt 0.375000 0.995000
vt 0.375000 1.000000
vt 0.080316 0.080316
vt 0.088821 0.088821
vt 0.097347 0.097347
vt 0.343750 0.505000
vt 0.343750 0.500000
vt 0.550473 0.116680
vt 0.560473 0.123362
vt 0.570499 0.130061
vt 0.343750 0.995000
vt 0.343750 1.000000
vt 0.050473 0.116680
vt 0.060473 0.123362
vt 0.070499 0.130061
vt 0.312500 0.505000
vt 0.312500 0.500000
vt 0.528298 0.158168
vt 0.539409 0.162770
vt 0.550550 0.167385
vt 0.312500 0.995000
vt 0.312500 1.000000
vt 0.028298 0.158168
vt 0.039409 0.162770
vt 0.050549 0.167385
vt 0.281250 0.505000
vt 0.281250 0.500000
vt 0.514642 0.203184
vt 0.526438 0.205531
vt 0.538264 0.207883
vt 0.281250 0.995000
vt 0.281250 1.000000
vt 0.014642 0.203184
vt 0.026438 0.205531
vt 0.038264 0.207883
vt 0.250000 0.505000
vt 0.250000 0.500000
vt 0.510031 0.250000
vt 0.522058 0.250000
vt 0.534116 0.250000
vt 0.250000 0.995000
vt 0.250000 1.000000
vt 0.010031 0.250000
vt 0.022058 0.250000
vt 0.034116 0.250000
vt 0.218750 0.505000
vt 0.218750 0.500000
vt 0.514642 0.296816
vt 0.526438 0.294469
vt 0.538264 0.292117
vt 0.218750 0.995000
vt 0.218750 1.000000
vt 0.014642 0.296816
vt 0.026438 0.294469
vt 0.038264 0.292117
vt 0.187500 0.505000
vt 0.187500 0.500000
vt 0.528298 0.341832
vt 0.539409 0.337230
vt 0.550549 0.332615
vt 0.187500 0.995000
vt 0.187500 1.000000
vt 0.028298 0.341832
vt 0.039409 0.337230
vt 0.050549 0.332615
vt 0.156250 0.505000
vt 0.156250 0.500000
vt 0.550473 0.383320
vt 0.560473 0.376638
vt 0.570499 0.369939
vt 0.156250 0.995000
vt 0.156250 1.000000
vt 0.050473 0.383320
vt 0.060473 0.376638
vt 0.070499 0.369939
vt 0.125000 0.505000
vt 0.125000 0.500000
vt 0.580316 0.419684
vt 0.588821 0.411179
vt 0.597347 0.402653
vt 0.125000 0.995000
vt 0.125000 1.000000
vt 0.080316 0.419684
vt 0.088821 0.411179
vt 0.097347 0.402653
vt 0.093750 0.505000
vt 0.093750 0.500000
vt 0.616680 0.449527
vt 0.623362 0.439527
vt 0.630061 0.429501
vt 0.093750 0.995000
vt 0.093750 1.000000
vt 0.116680 0.449527
vt 0.123362 0.439527
vt 0.130061 0.429501
vt 0.062500 0.505000
vt 0.062500 0.500000
vt 0.658168 0.471702
vt 0.662770 0.460591
vt 0.667385 0.449451
vt 0.062500 0.995000
vt 0.062500 1.000000
vt 0.158168 0.471702
vt 0.162770 0.460591
vt 0.167385 0.449451
vt 0.031250 0.505000
vt 0.031250 0.500000
vt 0.703184 0.485358
vt 0.705531 0.473562
vt 0.707883 0.461736
vt 0.031250 0.995000
vt 0.031250 1.000000
vt 0.203184 0.485358
vt 0.205531 0.473562
vt 0.207883 0.461736
vt 0.000000 0.505000
vt 0.000210 0.500000
vt 0.000000 0.995000
vt 0.000210 1.000000
s 0
f 66/131/35 74/132/35 76/133/35 68/134/35
f 68/135/36 76/136/36 75/137/36 67/138/36
f 67/138/37 75/137/37 73/139/37 65/140/37
f 78/141/38 70/142/38 72/143/38 80/144/38
f 80/145/39 72/146/39 71/147/39 79/148/39
f 79/148/40 71/147/40 69/149/40 77/150/40
f 74/132/41 82/151/41 84/152/41 76/133/41
f 76/136/42 84/153/42 83/154/42 75/137/42
f 75/137/43 83/154/43 81/155/43 73/139/43
f 86/156/44 78/141/44 80/144/44 88/157/44
f 88/158/45 80/145/45 79/148/45 87/159/45
f 87/159/46 79/148/46 77/150/46 85/160/46
f 82/151/47 90/161/47 92/162/47 84/152/47
f 84/153/48 92/163/48 91/164/48 83/154/48
f 83/154/49 91/164/49 89/165/49 81/155/49
f 94/166/50 86/156/50 88/157/50 96/167/50
f 96/168/51 88/158/51 87/159/51 95/169/51
f 95/169/52 87/159/52 85/160/52 93/170/52
f 90/161/53 98/171/53 100/172/53 92/162/53
f 92/163/54 100/173/54 99/174/54 91/164/54
f 91/164/55 99/174/55 97/175/55 89/165/55
f 102/176/56 94/166/56 96/167/56 104/177/56
f 104/178/57 96/168/57 95/169/57 103/179/57
f 103/179/58 95/169/58 93/170/58 101/180/58
f 98/171/59 106/181/59 108/182/59 100/172/59
f 100/173/60 108/183/60 107/184/60 99/174/60
f 99/174/61 107/184/61 105/185/61 97/175/61
f 110/186/62 102/176/62 104/177/62 112/187/62
f 112/188/63 104/178/63 103/179/63 111/189/63
f 111/189/64 103/179/64 101/180/64 109/190/64
f 106/181/65 114/191/65 116/192/65 108/182/65
f 108/183/66 116/193/66 115/194/66 107/184/66
f 107/184/67 115/194/67 113/195/67 105/185/67
f 118/196/68 110/186/68 112/187/68 120/197/68
f 120/198/69 112/188/69 111/189/69 119/199/69
f 119/199/70 111/189/70 109/190/70 117/200/70
f 114/191/71 122/201/71 124/202/71 116/192/71
f 116/193/72 124/203/72 123/204/72 115/194/72
f 115/194/73 123/204/73 121/205/73 113/195/73
f 126/206/74 118/196/74 120/197/74 128/207/74
f 128/208/75 120/198/75 119/199/75 127/209/75
f 127/209/76 119/199/76 117/200/76 125/210/76
f 122/201/77 130/211/77 132/212/77 124/202/77
f 124/203/78 132/213/78 131/214/78 123/204/78
f 123/204/79 131/214/79 129/215/79 121/205/79
f 134/216/80 126/206/80 128/207/80 136/217/80
f 136/218/81 128/208/81 127/209/81 135/219/81
f 135/219/82 127/209/82 125/210/82 133/220/82
f 130/211/83 138/221/83 140/222/83 132/212/83
f 132/213/84 140/223/84 139/224/84 131/214/84
f 131/214/85 139/224/85 137/225/85 129/215/85
f 142/226/86 134/216/86 136/217/86 144/227/86
f 144/228/87 136/218/87 135/219/87 143/229/87
f 143/229/88 135/219/88 133/220/88 141/230/88
f 138/221/89 146/231/89 148/232/89 140/222/89
f 140/223/90 148/233/90 147/234/90 139/224/90
f 139/224/91 147/234/91 145/235/91 137/225/91
f 150/236/92 142/226/92 144/227/92 152/237/92
f 152/238/93 144/228/93 143/229/93 151/239/93
f 151/239/94 143/229/94 141/230/94 149/240/94
f 146/231/95 154/241/95 156/242/95 148/232/95
f 148/233/96 156/243/96 155/244/96 147/234/96
f 147/234/97 155/244/97 153/245/97 145/235/97
f 158/246/98 150/236/98 152/237/98 160/247/98
f 160/248/99 152/238/99 151/239/99 159/249/99
f 159/249/100 151/239/100 149/240/100 157/250/100
f 154/241/101 162/251/101 164/252/101 156/242/101
f 156/243/102 164/253/102 163/254/102 155/244/102
f 155/244/103 163/254/103 161/255/103 153/245/103
f 166/256/104 158/246/104 160/247/104 168/257/104
f 168/258/105 160/248/105 159/249/105 167/259/105
f 167/259/106 159/249/106 157/250/106 165/260/106
f 162/251/107 170/261/107 172/262/107 164/252/107
f 164/253/108 172/263/108 171/264/108 163/254/108
f 163/254/109 171/264/109 169/265/109 161/255/109
f 174/266/110 166/256/110 168/257/110 176/267/110
f 176/268/111 168/258/111 167/259/111 175/269/111
f 175/269/112 167/259/112 165/260/112 173/270/112
f 170/261/113 178/271/113 180/272/113 172/262/113
f 172/263/114 180/273/114 179/274/114 171/264/114
f 171/264/115 179/274/115 177/275/115 169/265/115
f 182/276/116 174/266/116 176/267/116 184/277/116
f 184/278/117 176/268/117 175/269/117 183/279/117
f 183/279/118 175/269/118 173/270/118 181/280/118
f 178/271/119 186/281/119 188/282/119 180/272/119
f 180/273/120 188/283/120 187/284/120 179/274/120
f 179/274/121 187/284/121 185/285/121 177/275/121
f 190/286/122 182/276/122 184/277/122 192/287/122
f 192/288/123 184/278/123 183/279/123 191/289/123
f 191/289/124 183/279/124 181/280/124 189/290/124
f 186/281/125 194/291/125 196/292/125 188/282/125
f 188/283/126 196/293/126 195/294/126 187/284/126
f 187/284/127 195/294/127 193/295/127 185/285/127
f 198/296/128 190/286/128 192/287/128 200/297/128
f 200/298/129 192/288/129 191/289/129 199/299/129
f 199/299/130 191/289/130 189/290/130 197/300/130
f 194/291/131 202/301/131 204/302/131 196/292/131
f 196/293/132 204/303/132 203/304/132 195/294/132
f 195/294/133 203/304/133 201/305/133 193/295/133
f 206/306/134 198/296/134 200/297/134 208/307/134
f 208/308/135 200/298/135 199/299/135 207/309/135
f 207/309/136 199/299/136 197/300/136 205/310/136
f 202/301/137 210/311/137 212/312/137 204/302/137
f 204/303/138 212/313/138 211/314/138 203/304/138
f 203/304/139 211/314/139 209/315/139 201/305/139
f 214/316/140 206/306/140 208/307/140 216/317/140
f 216/318/141 208/308/141 207/309/141 215/319/141
f 215/319/142 207/309/142 205/310/142 213/320/142
f 210/311/143 218/321/143 220/322/143 212/312/143
f 212/313/144 220/323/144 219/324/144 211/314/144
f 211/314/145 219/324/145 217/325/145 209/315/145
f 222/326/146 214/316/146 216/317/146 224/327/146
f 224/328/147 216/318/147 215/319/147 223/329/147
f 223/329/148 215/319/148 213/320/148 221/330/148
f 218/321/149 226/331/149 228/332/149 220/322/149
f 220/323/150 228/333/150 227/334/150 219/324/150
f 219/324/151 227/334/151 225/335/151 217/325/151
f 230/336/152 222/326/152 224/327/152 232/337/152
f 232/338/153 224/328/153 223/329/153 231/339/153
f 231/339/154 223/329/154 221/330/154 229/340/154
f 226/331/155 234/341/155 236/342/155 228/332/155
f 228/333/156 236/343/156 235/344/156 227/334/156
f 227/334/157 235/344/157 233/345/157 225/335/157
f 238/346/158 230/336/158 232/337/158 240/347/158
f 240/348/159 232/338/159 231/339/159 239/349/159
f 239/349/160 231/339/160 229/340/160 237/350/160
f 234/341/161 242/351/161 244/352/161 236/342/161
f 236/343/162 244/353/162 243/354/162 235/344/162
f 235/344/163 243/354/163 241/355/163 233/345/163
f 246/356/164 238/346/164 240/347/164 248/357/164
f 248/358/165 240/348/165 239/349/165 247/359/165
f 247/359/166 239/349/166 237/350/166 245/360/166
f 242/351/167 250/361/167 252/362/167 244/352/167
f 244/353/168 252/363/168 251/364/168 243/354/168
f 243/354/169 251/364/169 249/365/169 241/355/169
f 254/366/170 246/356/170 248/357/170 256/367/170
f 256/368/171 248/358/171 247/359/171 255/369/171
f 255/369/172 247/359/172 245/360/172 253/370/172
f 250/361/173 258/371/173 260/372/173 252/362/173
f 252/363/174 260/373/174 259/374/174 251/364/174
f 251/364/175 259/374/175 257/375/175 249/365/175
f 262/376/176 254/366/176 256/367/176 264/377/176
f 264/378/177 256/368/177 255/369/177 263/379/177
f 263/379/178 255/369/178 253/370/178 261/380/178
f 258/371/179 266/381/179 268/382/179 260/372/179
f 260/373/180 268/383/180 267/384/180 259/374/180
f 259/374/181 267/384/181 265/385/181 257/375/181
f 270/386/182 262/376/182 264/377/182 272/387/182
f 272/388/183 264/378/183 263/379/183 271/389/183
f 271/389/184 263/379/184 261/380/184 269/390/184
f 266/381/185 274/391/185 276/392/185 268/382/185
f 268/383/186 276/393/186 275/394/186 267/384/186
f 267/384/187 275/394/187 273/395/187 265/385/187
f 278/396/188 270/386/188 272/387/188 280/397/188
f 280/398/189 272/388/189 271/389/189 279/399/189
f 279/399/190 271/389/190 269/390/190 277/400/190
f 274/391/191 282/401/191 284/402/191 276/392/191
f 276/393/192 284/403/192 283/404/192 275/394/192
f 275/394/193 283/404/193 281/405/193 273/395/193
f 286/406/194 278/396/194 280/397/194 288/407/194
f 288/408/195 280/398/195 279/399/195 287/409/195
f 287/409/196 279/399/196 277/400/196 285/410/196
f 282/401/197 290/411/197 292/412/197 284/402/197
f 284/403/198 292/413/198 291/414/198 283/404/198
f 283/404/199 291/414/199 289/415/199 281/405/199
f 294/416/200 286/406/200 288/407/200 296/417/200
f 296/418/201 288/408/201 287/409/201 295/419/201
f 295/419/202 287/409/202 285/410/202 293/420/202
f 290/411/203 298/421/203 300/422/203 292/412/203
f 292/413/204 300/423/204 299/424/204 291/414/204
f 291/414/205 299/424/205 297/425/205 289/415/205
f 302/426/206 294/416/206 296/417/206 304/427/206
f 304/428/207 296/418/207 295/419/207 303/429/207
f 303/429/208 295/419/208 293/420/208 301/430/208
f 298/421/209 306/431/209 308/432/209 300/422/209
f 300/423/210 308/433/210 307/434/210 299/424/210
f 299/424/211 307/434/211 305/435/211 297/425/211
f 310/436/212 302/426/212 304/427/212 312/437/212
f 312/438/213 304/428/213 303/429/213 311/439/213
f 311/439/214 303/429/214 301/430/214 309/440/214
f 306/431/215 314/441/215 316/442/215 308/432/215
f 308/433/216 316/443/216 315/444/216 307/434/216
f 307/434/217 315/444/217 313/445/217 305/435/217
f 318/446/218 310/436/218 312/437/218 320/447/218
f 320/448/219 312/438/219 311/439/219 319/449/219
f 319/449/220 311/439/220 309/440/220 317/450/220
f 314/441/221 66/451/221 68/452/221 316/442/221
f 316/443/222 68/135/222 67/138/222 315/444/222
f 315/444/223 67/138/223 65/140/223 313/445/223
f 70/453/224 318/446/224 320/447/224 72/454/224
f 72/146/225 320/448/225 319/449/225 71/147/225
f 71/147/226 319/449/226 317/450/226 69/149/226
f 65/140/227 73/139/227 81/155/227 89/165/227 97/175/227 105/185/227 113/195/227 121/205/227 129/215/227 137/225/227 145/235/227 153/245/227 161/255/227 169/265/227 177/275/227 185/285/227 193/295/227 201/305/227 209/315/227 217/325/227 225/335/227 233/345/227 241/355/227 249/365/227 257/375/227 265/385/227 273/395/227 281/405/227 289/415/227 297/425/227 305/435/227 313/445/227
f 66/131/228 70/142/228 78/141/228 74/132/228
f 314/441/229 318/446/229 70/453/229 66/451/229
f 77/150/230 69/149/230 317/450/230 309/440/230 301/430/230 293/420/230 285/410/230 277/400/230 269/390/230 261/380/230 253/370/230 245/360/230 237/350/230 229/340/230 221/330/230 213/320/230 205/310/230 197/300/230 189/290/230 181/280/230 173/270/230 165/260/230 157/250/230 149/240/230 141/230/230 133/220/230 125/210/230 117/200/230 109/190/230 101/180/230 93/170/230 85/160/230
f 74/132/231 78/141/231 86/156/231 82/151/231
f 82/151/232 86/156/232 94/166/232 90/161/232
f 90/161/233 94/166/233 102/176/233 98/171/233
f 98/171/234 102/176/234 110/186/234 106/181/234
f 106/181/235 110/186/235 118/196/235 114/191/235
f 114/191/236 118/196/236 126/206/236 122/201/236
f 122/201/237 126/206/237 134/216/237 130/211/237
f 130/211/238 134/216/238 142/226/238 138/221/238
f 138/221/239 142/226/239 150/236/239 146/231/239
f 146/231/240 150/236/240 158/246/240 154/241/240
f 154/241/241 158/246/241 166/256/241 162/251/241
f 162/251/242 166/256/242 174/266/242 170/261/242
f 170/261/243 174/266/243 182/276/243 178/271/243
f 178/271/244 182/276/244 190/286/244 186/281/244
f 186/281/245 190/286/245 198/296/245 194/291/245
f 194/291/246 198/296/246 206/306/246 202/301/246
f 202/301/247 206/306/247 214/316/247 210/311/247
f 210/311/248 214/316/248 222/326/248 218/321/248
f 218/321/249 222/326/249 230/336/249 226/331/249
f 226/331/250 230/336/250 238/346/250 234/341/250
f 234/341/251 238/346/251 246/356/251 242/351/251
f 242/351/252 246/356/252 254/366/252 250/361/252
f 250/361/253 254/366/253 262/376/253 258/371/253
f 258/371/254 262/376/254 270/386/254 266/381/254
f 266/381/255 270/386/255 278/396/255 274/391/255
f 274/391/256 278/396/256 286/406/256 282/401/256
f 282/401/257 286/406/257 294/416/257 290/411/257
f 290/411/258 294/416/258 302/426/258 298/421/258
f 298/421/259 302/426/259 310/436/259 306/431/259
f 306/431/260 310/436/260 318/446/260 314/441/260
o LowerArm
v 0.000000 2.000000 -0.129903
v 0.000000 2.020000 -0.150000
v -0.000000 2.002680 -0.139952
v -0.000000 2.010000 -0.147308
v 0.000000 4.000000 -0.129903
v 0.000000 3.980000 -0.150000
v 0.000000 3.997321 -0.139952
v 0.000000 3.990000 -0.147308
v 0.025343 2.000000 -0.127407
v 0.029264 2.020000 -0.147118
v 0.027303 2.002680 -0.137262
v 0.028738 2.010000 -0.144477
v 0.025343 4.000000 -0.127407
v 0.029264 3.980000 -0.147118
v 0.027303 3.997321 -0.137262
v 0.028738 3.990000 -0.144477
v 0.049712 2.000000 -0.120015
v 0.057403 2.020000 -0.138582
v 0.053557 2.002680 -0.129298
v 0.056372 2.010000 -0.136094
v 0.049712 4.000000 -0.120015
v 0.057403 3.980000 -0.138582
v 0.053557 3.997321 -0.129298
v 0.056372 3.990000 -0.136094
v 0.072170 2.000000 -0.108011
v 0.083336 2.020000 -0.124720
v 0.077753 2.002680 -0.116366
v 0.081840 2.010000 -0.122482
v 0.072170 4.000000 -0.108011
v 0.083336 3.980000 -0.124720
v 0.077753 3.997321 -0.116366
v 0.081840 3.990000 -0.122482
v 0.091855 2.000000 -0.091855
v 0.106066 2.020000 -0.106066
v 0.098961 2.002680 -0.098961
v 0.104162 2.010000 -0.104162
v 0.091855 4.000000 -0.091855
v 0.106066 3.980000 -0.106066
v 0.098961 3.997321 -0.098961
v 0.104162 3.990000 -0.104162
v 0.108011 2.000000 -0.072170
v 0.124720 2.020000 -0.083336
v 0.116366 2.002680 -0.077753
v 0.122482 2.010000 -0.081840
v 0.108011 4.000000 -0.072170
v 0.124720 3.980000 -0.083336
v 0.116366 3.997321 -0.077753
v 0.122482 3.990000 -0.081840
v 0.120015 2.000000 -0.049712
v 0.138582 2.020000 -0.057403
v 0.129298 2.002680 -0.053557
v 0.136094 2.010000 -0.056372
v 0.120015 4.000000 -0.049712
v 0.138582 3.980000 -0.057403
v 0.129298 3.997321 -0.053557
v 0.136094 3.990000 -0.056372
v 0.127407 2.000000 -0.025343
v 0.147118 2.020000 -0.029264
v 0.137262 2.002680 -0.027303
v 0.144477 2.010000 -0.028738
v 0.127407 4.000000 -0.025343
v 0.147118 3.980000 -0.029264
v 0.137262 3.997321 -0.027303
v 0.144477 3.990000 -0.028738
v 0.129903 2.000000 0.000000
v 0.150000 2.020000 0.000000
v 0.139952 2.002680 -0.000000
v 0.147308 2.010000 -0.000000
v 0.129903 4.000000 0.000000
v 0.150000 3.980000 0.000000
v 0.139952 3.997321 0.000000
v 0.147308 3.990000 0.000000
v 0.127407 2.000000 0.025343
v 0.147118 2.020000 0.029264
v 0.137262 2.002680 0.027303
v 0.144477 2.010000 0.028738
v 0.127407 4.000000 0.025343
v 0.147118 3.980000 0.029264
v 0.137262 3.997321 0.027303
v 0.144477 3.990000 0.028738
v 0.120015 2.000000 0.049712
v 0.138582 2.020000 0.057403
v 0.129298 2.002680 0.053557
v 0.136094 2.010000 0.056372
v 0.120015 4.000000 0.049712
v 0.138582 3.980000 0.057403
v 0.129298 3.997321 0.053557
v 0.136094 3.990000 0.056372
v 0.108011 2.000000 0.072170
v 0.124720 2.020000 0.083336
v 0.116366 2.002680 0.077753
v 0.122482 2.010000 0.081840
v 0.108011 4.000000 0.072170
v 0.124720 3.980000 0.083336
v 0.116366 3.997321 0.077753
v 0.122482 3.990000 0.081840
v 0.091855 2.000000 0.091855
v 0.106066 2.020000 0.106066
v 0.098961 2.002680 0.098961
v 0.104162 2.010000 0.104162
v 0.091855 4.000000 0.091855
v 0.106066 3.980000 0.106066
v 0.098961 3.997321 0.098961
v 0.104162 3.990000 0.104162
v 0.072170 2.000000 0.108011
v 0.083336 2.020000 0.124720
v 0.077753 2.002680 0.116366
v 0.081840 2.010000 0.122482
v 0.072170 4.000000 0.108011
v 0.083336 3.980000 0.124720
v 0.077753 3.997321 0.116366
v 0.081840 3.990000 0.122482
v 0.049712 2.000000 0.120015
v 0.057403 2.020000 0.138582
v 0.053557 2.002680 0.129298
v 0.056372 2.010000 0.136094
v 0.049712 4.000000 0.120015
v 0.057403 3.980000 0.138582
v 0.053557 3.997321 0.129298
v 0.056372 3.990000 0.136094
v 0.025343 2.000000 0.127407
v 0.029264 2.020000 0.147118
v 0.027303 2.002680 0.137262
v 0.028738 2.010000 0.144477
v 0.025343 4.000000 0.127407
v 0.029264 3.980000 0.147118
v 0.027303 3.997321 0.137262
v 0.028738 3.990000 0.144477
v 0.000000 2.000000 0.129903
v 0.000000 2.020000 0.150000
v 0.000000 2.002680 0.139952
v 0.000000 2.010000 0.147308
v 0.000000 4.000000 0.129903
v 0.000000 3.980000 0.150000
v 0.000000 3.997321 0.139952
v 0.000000 3.990000 0.147308
v -0.025343 2.000000 0.127407
v -0.029264 2.020000 0.147118
v -0.027303 2.002680 0.137262
v -0.028738 2.010000 0.144477
v -0.025343 4.000000 0.127407
v -0.029264 3.980000 0.147118
v -0.027303 3.997321 0.137262
v -0.028738 3.990000 0.144477
v -0.049712 2.000000 0.120015
v -0.057403 2.020000 0.138582
v -0.053557 2.002680 0.129298
v -0.056372 2.010000 0.136094
v -0.049712 4.000000 0.120015
v -0.057403 3.980000 0.138582
v -0.053557 3.997321 0.129298
v -0.056372 3.990000 0.136094
v -0.072170 2.000000 0.108011
v -0.083336 2.020000 0.124720
v -0.077753 2.002680 0.116366
v -0.081840 2.010000 0.122482
v -0.072170 4.000000 0.108011
v -0.083336 3.980000 0.124720
v -0.077753 3.997321 0.116366
v -0.081840 3.990000 0.122482
v -0.091855 2.000000 0.091855
v -0.106066 2.020000 0.106066
v -0.098961 2.002680 0.098961
v -0.104162 2.010000 0.104162
v -0.091855 4.000000 0.091855
v -0.106066 3.980000 0.106066
v -0.098961 3.997321 0.098961
v -0.104162 3.990000 0.104162
v -0.108011 2.000000 0.072170
v -0.124720 2.020000 0.083336
v -0.116366 2.002680 0.077753
v -0.122482 2.010000 0.081840
v -0.108011 4.000000 0.072170
v -0.124720 3.980000 0.083336
v -0.116366 3.997321 0.077753
v -0.122482 3.990000 0.081840
v -0.120015 2.000000 0.049712
v -0.138582 2.020000 0.057403
v -0.129298 2.002680 0.053557
v -0.136094 2.010000 0.056372
v -0.120015 4.000000 0.049712
v -0.138582 3.980000 0.057403
v -0.129298 3.997321 0.053557
v -0.136094 3.990000 0.056372
v -0.127407 2.000000 0.025343
v -0.147118 2.020000 0.029264
v -0.137262 2.002680 0.027303
v -0.144477 2.010000 0.028738
v -0.127407 4.000000 0.025343
v -0.147118 3.980000 0.029264
v -0.137262 3.997321 0.027303
v -0.144477 3.990000 0.028738
v -0.129903 2.000000 0.000000
v -0.150000 2.020000 0.000000
v -0.139952 2.002680 0.000000
v -0.147308 2.010000 0.000000
v -0.129903 4.000000 0.000000
v -0.150000 3.980000 0.000000
v -0.139952 3.997321 0.000000
v -0.147308 3.990000 0.000000
v -0.127407 2.000000 -0.025343
v -0.147118 2.020000 -0.029264
v -0.137262 2.002680 -0.027303
v -0.144477 2.010000 -0.028738
v -0.127407 4.000000 -0.025343
v -0.147118 3.980000 -0.029264
v -0.137262 3.997321 -0.027303
v -0.144477 3.990000 -0.028738
v -0.120015 2.000000 -0.049712
v -0.138582 2.020000 -0.057403
v -0.129298 2.002680 -0.053557
v -0.136094 2.010000 -0.056372
v -0.120015 4.000000 -0.049712
v -0.138582 3.980000 -0.057403
v -0.129298 3.997321 -0.053557
v -0.136094 3.990000 -0.056372
v -0.108011 2.000000 -0.072170
v -0.124720 2.020000 -0.083336
v -0.116366 2.002680 -0.077753
v -0.122482 2.010000 -0.081840
v -0.108011 4.000000 -0.072170
v -0.124720 3.980000 -0.083336
v -0.116366 3.997321 -0.077753
v -0.122482 3.990000 -0.081840
v -0.091855 2.000000 -0.091855
v -0.106066 2.020000 -0.106066
v -0.098961 2.002680 -0.098961
v -0.104162 2.010000 -0.104162
v -0.091855 4.000000 -0.091855
v -0.106066 3.980000 -0.106066
v -0.098961 3.997321 -0.098961
v -0.104162 3.990000 -0.104162
v -0.072170 2.000000 -0.108011
v -0.083336 2.020000 -0.124720
v -0.077753 2.002680 -0.116366
v -0.081840 2.010000 -0.122482
v -0.072170 4.000000 -0.108011
v -0.083336 3.980000 -0.124720
v -0.077753 3.997321 -0.116366
v -0.081840 3.990000 -0.122482
v -0.049712 2.000000 -0.120015
v -0.057403 2.020000 -0.138582
v -0.053557 2.002680 -0.129298
v -0.056372 2.010000 -0.136094
v -0.049712 4.000000 -0.120015
v -0.057403 3.980000 -0.138582
v -0.053557 3.997321 -0.129298
v -0.056372 3.990000 -0.136094
v -0.025343 2.000000 -0.127407
v -0.029264 2.020000 -0.147118
v -0.027303 2.002680 -0.137262
v -0.028738 2.010000 -0.144477
v -0.025343 4.000000 -0.127407
v -0.029264 3.980000 -0.147118
v -0.027303 3.997321 -0.137262
v -0.028738 3.990000 -0.144477
vn 0.0947 -0.2588 -0.9613
vn 0.0693 -0.7071 -0.7037
vn 0.0254 -0.9659 -0.2576
vn 0.0947 0.2588 -0.9613
vn 0.0693 0.7071 -0.7037
vn 0.0254 0.9659 -0.2576
vn 0.2804 -0.2588 -0.9243
vn 0.2053 -0.7071 -0.6767
vn 0.0751 -0.9659 -0.2477
vn 0.2804 0.2588 -0.9243
vn 0.2053 0.7071 -0.6767
vn 0.0751 0.9659 -0.2477
vn 0.4553 -0.2588 -0.8519
vn 0.3333 -0.7071 -0.6236
vn 0.1220 -0.9659 -0.2283
vn 0.4553 0.2588 -0.8519
vn 0.3333 0.7071 -0.6236
vn 0.1220 0.9659 -0.2283
vn 0.6128 -0.2588 -0.7467
vn 0.4486 -0.7071 -0.5466
vn 0.1642 -0.9659 -0.2001
vn 0.6128 0.2588 -0.7467
vn 0.4486 0.7071 -0.5466
vn 0.1642 0.9659 -0.2001
vn 0.7467 -0.2588 -0.6128
vn 0.5466 -0.7071 -0.4486
vn 0.2001 -0.9659 -0.1642
vn 0.7467 0.2588 -0.6128
vn 0.5466 0.7071 -0.4486
vn 0.2001 0.9659 -0.1642
vn 0.8519 -0.2588 -0.4553
vn 0.6236 -0.7071 -0.3333
vn 0.2283 -0.9659 -0.1220
vn 0.8519 0.2588 -0.4553
vn 0.6236 0.7071 -0.3333
vn 0.2283 0.9659 -0.1220
vn 0.9243 -0.2588 -0.2804
vn 0.6767 -0.7071 -0.2053
vn 0.2477 -0.9659 -0.0751
vn 0.9243 0.2588 -0.2804
vn 0.6767 0.7071 -0.2053
vn 0.2477 0.9659 -0.0751
vn 0.9613 -0.2588 -0.0947
vn 0.7037 -0.7071 -0.0693
vn 0.2576 -0.9659 -0.0254
vn 0.9613 0.2588 -0.0947
vn 0.7037 0.7071 -0.0693
vn 0.2576 0.9659 -0.0254
vn 0.9613 -0.2588 0.0947
vn 0.7037 -0.7071 0.0693
vn 0.2576 -0.9659 0.0254
vn 0.9613 0.2588 0.0947
vn 0.7037 0.7071 0.0693
vn 0.2576 0.9659 0.0254
vn 0.9243 -0.2588 0.2804
vn 0.6767 -0.7071 0.2053
vn 0.2477 -0.9659 0.0751
vn 0.9243 0.2588 0.2804
vn 0.6767 0.7071 0.2053
vn 0.2477 0.9659 0.0751
vn 0.8519 -0.2588 0.4553
vn 0.6236 -0.7071 0.3333
vn 0.2283 -0.9659 0.1220
vn 0.8519 0.2588 0.4553
vn 0.6236 0.7071 0.3333
vn 0.2283 0.9659 0.1220
vn 0.7467 -0.2588 0.6128
vn 0.5466 -0.7071 0.4486
vn 0.2001 -0.9659 0.1642
vn 0.7467 0.2588 0.6128
vn 0.5466 0.7071 0.4486
vn 0.2001 0.9659 0.1642
vn 0.6128 -0.2588 0.7467
vn 0.4486 -0.7071 0.5466
vn 0.1642 -0.9659 0.2001
vn 0.6128 0.2588 0.7467
vn 0.4486 0.7071 0.5466
vn 0.1642 0.9659 0.2001
vn 0.4553 -0.2588 0.8519
vn 0.3333 -0.7071 0.6236
vn 0.1220 -0.9659 0.2283
vn 0.4553 0.2588 0.8519
vn 0.3333 0.7071 0.6236
vn 0.1220 0.9659 0.2283
vn 0.2804 -0.2588 0.9243
vn 0.2053 -0.7071 0.6767
vn 0.0751 -0.9659 0.2477
vn 0.2804 0.2588 0.9243
vn 0.2053 0.7071 0.6767
vn 0.0751 0.9659 0.2477
vn 0.0947 -0.2588 0.9613
vn 0.0693 -0.7071 0.7037
vn 0.0254 -0.9659 0.2576
vn 0.0947 0.2588 0.9613
vn 0.0693 0.7071 0.7037
vn 0.0254 0.9659 0.2576
vn -0.0947 -0.2588 0.9613
vn -0.0693 -0.7071 0.7037
vn -0.0254 -0.9659 0.2576
vn -0.0947 0.2588 0.9613
vn -0.0693 0.7071 0.7037
vn -0.0254 0.9659 0.2576
vn -0.2804 -0.2588 0.9243
vn -0.2053 -0.7071 0.6767
vn -0.0751 -0.9659 0.2477
vn -0.2804 0.2588 0.9243
vn -0.2053 0.7071 0.6767
vn -0.0751 0.9659 0.2477
vn -0.4553 -0.2588 0.8519
vn -0.3333 -0.7071 0.6236
vn -0.1220 -0.9659 0.2283
vn -0.4553 0.2588 0.8519
vn -0.3333 0.7071 0.6236
vn -0.1220 0.9659 0.2283
vn -0.6128 -0.2588 0.7467
vn -0.4486 -0.7071 0.5466
vn -0.1642 -0.9659 0.2001
vn -0.6128 0.2588 0.7467
vn -0.4486 0.7071 0.5466
vn -0.1642 0.9659 0.2001
vn -0.7467 -0.2588 0.6128
vn -0.5466 -0.7071 0.4486
vn -0.2001 -0.9659 0.1642
vn -0.7467 0.2588 0.6128
vn -0.5466 0.7071 0.4486
vn -0.2001 0.9659 0.1642
vn -0.8519 -0.2588 0.4553
vn -0.6236 -0.7071 0.3333
vn -0.2283 -0.9659 0.1220
vn -0.8519 0.2588 0.4553
vn -0.6236 0.7071 0.3333
vn -0.2283 0.9659 0.1220
vn -0.9243 -0.2588 0.2804
vn -0.6767 -0.7071 0.2053
vn -0.2477 -0.9659 0.0751
vn -0.9243 0.2588 0.2804
vn -0.6767 0.7071 0.2053
vn -0.2477 0.9659 0.0751
vn -0.9613 -0.2588 0.0947
vn -0.7037 -0.7071 0.0693
vn -0.2576 -0.9659 0.0254
vn -0.9613 0.2588 0.0947
vn -0.7037 0.7071 0.0693
vn -0.2576 0.9659 0.0254
vn -0.9613 -0.2588 -0.0947
vn -0.7037 -0.7071 -0.0693
vn -0.2576 -0.9659 -0.0254
vn -0.9613 0.2588 -0.0947
vn -0.7037 0.7071 -0.0693
vn -0.2576 0.9659 -0.0254
vn -0.9243 -0.2588 -0.2804
vn -0.6767 -0.7071 -0.2053
vn -0.2477 -0.9659 -0.0751
vn -0.9243 0.2588 -0.2804
vn -0.6767 0.7071 -0.2053
vn -0.2477 0.9659 -0.0751
vn -0.8519 -0.2588 -0.4553
vn -0.6236 -0.7071 -0.3333
vn -0.2283 -0.9659 -0.1220
vn -0.8519 0.2588 -0.4553
vn -0.6236 0.7071 -0.3333
vn -0.2283 0.9659 -0.1220
vn -0.7467 -0.2588 -0.6128
vn -0.5466 -0.7071 -0.4486
vn -0.2001 -0.9659 -0.1642
vn -0.7467 0.2588 -0.6128
vn -0.5466 0.7071 -0.4486
vn -0.2001 0.9659 -0.1642
vn -0.6128 -0.2588 -0.7467
vn -0.4486 -0.7071 -0.5466
vn -0.1642 -0.9659 -0.2001
vn -0.6128 0.2588 -0.7467
vn -0.4486 0.7071 -0.5466
vn -0.1642 0.9659 -0.2001
vn -0.4553 -0.2588 -0.8519
vn -0.3333 -0.7071 -0.6236
vn -0.1220 -0.9659 -0.2283
vn -0.4553 0.2588 -0.8519
vn -0.3333 0.7071 -0.6236
vn -0.1220 0.9659 -0.2283
vn -0.2804 -0.2588 -0.9243
vn -0.2053 -0.7071 -0.6767
vn -0.0751 -0.9659 -0.2477
vn -0.2804 0.2588 -0.9243
vn -0.2053 0.7071 -0.6767
vn -0.0751 0.9659 -0.2477
vn -0.0947 -0.2588 -0.9613
vn -0.0693 -0.7071 -0.7037
vn -0.0254 -0.9659 -0.2576
vn -0.0947 0.2588 -0.9613
vn -0.0693 0.7071 -0.7037
vn -0.0254 0.9659 -0.2576
vn -0.0000 -1.0000 -0.0000
vn 0.0980 -0.0000 -0.9952
vn -0.0980 -0.0000 -0.9952
vn -0.0000 1.0000 -0.0000
vn 0.2903 -0.0000 -0.9569
vn 0.4714 -0.0000 -0.8819
vn 0.6344 -0.0000 -0.7730
vn 0.7730 -0.0000 -0.6344
vn 0.8819 -0.0000 -0.4714
vn 0.9569 -0.0000 -0.2903
vn 0.9952 -0.0000 -0.0980
vn 0.9952 -0.0000 0.0980
vn 0.9569 -0.0000 0.2903
vn 0.8819 -0.0000 0.4714
vn 0.7730 -0.0000 0.6344
vn 0.6344 -0.0000 0.7730
vn 0.4714 -0.0000 0.8819
vn 0.2903 -0.0000 0.9569
vn 0.0980 -0.0000 0.9952
vn -0.0980 -0.0000 0.9952
vn -0.2903 -0.0000 0.9569
vn -0.4714 -0.0000 0.8819
vn -0.6344 -0.0000 0.7730
vn -0.7730 -0.0000 0.6344
vn -0.8819 -0.0000 0.4714
vn -0.9569 -0.0000 0.2903
vn -0.9952 -0.0000 0.0980
vn -0.9952 -0.0000 -0.0980
vn -0.9569 -0.0000 -0.2903
vn -0.8819 -0.0000 -0.4714
vn -0.7730 -0.0000 -0.6344
vn -0.6344 -0.0000 -0.7730
vn -0.4714 -0.0000 -0.8819
vn -0.2903 -0.0000 -0.9569
vt 1.000000 0.505000
vt 0.968750 0.505000
vt 0.968750 0.500000
vt 0.999720 0.500000
vt 0.750000 0.489959
vt 0.796814 0.485348
vt 0.793685 0.469620
vt 0.750000 0.473923
vt 0.790548 0.453851
vt 0.750000 0.457845
vt 0.968750 0.995000
vt 1.000000 0.995000
vt 0.999720 1.000000
vt 0.968750 1.000000
vt 0.296814 0.485348
vt 0.250000 0.489959
vt 0.250000 0.473922
vt 0.293685 0.469620
vt 0.250000 0.457845
vt 0.290549 0.453852
vt 0.937500 0.505000
vt 0.937500 0.500000
vt 0.841828 0.471693
vt 0.835691 0.456877
vt 0.829539 0.442024
vt 0.937500 0.995000
vt 0.937500 1.000000
vt 0.341828 0.471693
vt 0.335691 0.456877
vt 0.329539 0.442024
vt 0.906250 0.505000
vt 0.906250 0.500000
vt 0.883314 0.449518
vt 0.874405 0.436185
vt 0.865472 0.422817
vt 0.906250 0.995000
vt 0.906250 1.000000
vt 0.383314 0.449518
vt 0.374405 0.436185
vt 0.365473 0.422817
vt 0.875000 0.505000
vt 0.875000 0.500000
vt 0.919676 0.419676
vt 0.908337 0.408337
vt 0.896968 0.396969
vt 0.875000 0.995000
vt 0.875000 1.000000
vt 0.419676 0.419676
vt 0.408337 0.408337
vt 0.396969 0.396969
vt 0.843750 0.505000
vt 0.843750 0.500000
vt 0.949518 0.383314
vt 0.936185 0.374405
vt 0.922817 0.365473
vt 0.843750 0.995000
vt 0.843750 1.000000
vt 0.449518 0.383314
vt 0.436185 0.374405
vt 0.422817 0.365473
vt 0.812500 0.505000
vt 0.812500 0.500000
vt 0.971693 0.341828
vt 0.956877 0.335691
vt 0.942024 0.329539
vt 0.812500 0.995000
vt 0.812500 1.000000
vt 0.471693 0.341828
vt 0.456877 0.335691
vt 0.442024 0.329539
vt 0.781250 0.505000
vt 0.781250 0.500000
vt 0.985348 0.296814
vt 0.969620 0.293685
vt 0.953852 0.290549
vt 0.781250 0.995000
vt 0.781250 1.000000
vt 0.485348 0.296814
vt 0.469620 0.293685
vt 0.453852 0.290549
vt 0.750000 0.505000
vt 0.750000 0.500000
vt 0.989959 0.250000
vt 0.973923 0.250000
vt 0.957845 0.250000
vt 0.750000 0.995000
vt 0.750000 1.000000
vt 0.489959 0.250000
vt 0.473923 0.250000
vt 0.457845 0.250000
vt 0.718750 0.505000
vt 0.718750 0.500000
vt 0.985348 0.203186
vt 0.969620 0.206315
vt 0.953852 0.209451
vt 0.718750 0.995000
vt 0.718750 1.000000
vt 0.485348 0.203186
vt 0.469620 0.206315
vt 0.453851 0.209451
vt 0.687500 0.505000
vt 0.687500 0.500000
vt 0.971693 0.158172
vt 0.956877 0.164309
vt 0.942024 0.170461
vt 0.687500 0.995000
vt 0.687500 1.000000
vt 0.471693 0.158172
vt 0.456877 0.164309
vt 0.442024 0.170461
vt 0.656250 0.505000
vt 0.656250 0.500000
vt 0.949518 0.116686
vt 0.936185 0.125595
vt 0.922817 0.134527
vt 0.656250 0.995000
vt 0.656250 1.000000
vt 0.449518 0.116686
vt 0.436185 0.125595
vt 0.422817 0.134527
vt 0.625000 0.505000
vt 0.625000 0.500000
vt 0.919676 0.080324
vt 0.908337 0.091663
vt 0.896969 0.103031
vt 0.625000 0.995000
vt 0.625000 1.000000
vt 0.419676 0.080324
vt 0.408337 0.091663
vt 0.396969 0.103031
vt 0.593750 0.505000
vt 0.593750 0.500000
vt 0.883314 0.050482
vt 0.874405 0.063815
vt 0.865473 0.077183
vt 0.593750 0.995000
vt 0.593750 1.000000
vt 0.383314 0.050482
vt 0.374405 0.063815
vt 0.365473 0.077183
vt 0.562500 0.505000
vt 0.562500 0.500000
vt 0.841828 0.028307
vt 0.835691 0.043123
vt 0.829539 0.057976
vt 0.562500 0.995000
vt 0.562500 1.000000
vt 0.341828 0.028307
vt 0.335691 0.043123
vt 0.329539 0.057976
vt 0.531250 0.505000
vt 0.531250 0.500000
vt 0.796814 0.014652
vt 0.793685 0.030380
vt 0.790549 0.046149
vt 0.531250 0.995000
vt 0.531250 1.000000
vt 0.296814 0.014652
vt 0.293685 0.030380
vt 0.290549 0.046148
vt 0.500000 0.505000
vt 0.500000 0.500000
vt 0.750000 0.010041
vt 0.750000 0.026077
vt 0.750000 0.042155
vt 0.500000 0.995000
vt 0.500000 1.000000
vt 0.250000 0.010041
vt 0.250000 0.026077
vt 0.250000 0.042155
vt 0.468750 0.505000
vt 0.468750 0.500000
vt 0.703186 0.014652
vt 0.706315 0.030380
vt 0.709452 0.046148
vt 0.468750 0.995000
vt 0.468750 1.000000
vt 0.203186 0.014652
vt 0.206315 0.030380
vt 0.209451 0.046149
vt 0.437500 0.505000
vt 0.437500 0.500000
vt 0.658172 0.028307
vt 0.664308 0.043123
vt 0.670461 0.057976
vt 0.437500 0.995000
vt 0.437500 1.000000
vt 0.158172 0.028307
vt 0.164309 0.043123
vt 0.170461 0.057976
vt 0.406250 0.505000
vt 0.406250 0.500000
vt 0.616686 0.050482
vt 0.625595 0.063815
vt 0.634527 0.077183
vt 0.406250 0.995000
vt 0.406250 1.000000
vt 0.116686 0.050482
vt 0.125595 0.063815
vt 0.134527 0.077183
vt 0.375000 0.505000
vt 0.375000 0.500000
vt 0.580324 0.080324
vt 0.591663 0.091663
vt 0.603031 0.103031
vt 0.375000 0.995000
vt 0.375000 1.000000
vt 0.080324 0.080324
vt 0.091663 0.091663
vt 0.103031 0.103031
vt 0.343750 0.505000
vt 0.343750 0.500000
vt 0.550482 0.116686
vt 0.563815 0.125595
vt 0.577183 0.134527
vt 0.343750 0.995000
vt 0.343750 1.000000
vt 0.050482 0.116686
vt 0.063815 0.125595
vt 0.077183 0.134527
vt 0.312500 0.505000
vt 0.312500 0.500000
vt 0.528307 0.158172
vt 0.543123 0.164309
vt 0.557976 0.170461
vt 0.312500 0.995000
vt 0.312500 1.000000
vt 0.028307 0.158172
vt 0.043123 0.164309
vt 0.057976 0.170461
vt 0.281250 0.505000
vt 0.281250 0.500000
vt 0.514652 0.203186
vt 0.530380 0.206315
vt 0.546148 0.209451
vt 0.281250 0.995000
vt 0.281250 1.000000
vt 0.014652 0.203186
vt 0.030380 0.206315
vt 0.046149 0.209451
vt 0.250000 0.505000
vt 0.250000 0.500000
vt 0.510041 0.250000
vt 0.526077 0.250000
vt 0.542155 0.250000
vt 0.250000 0.995000
vt 0.250000 1.000000
vt 0.010041 0.250000
vt 0.026077 0.250000
vt 0.042155 0.250000
vt 0.218750 0.505000
vt 0.218750 0.500000
vt 0.514652 0.296814
vt 0.530380 0.293685
vt 0.546148 0.290548
vt 0.218750 0.995000
vt 0.218750 1.000000
vt 0.014652 0.296814
vt 0.030380 0.293685
vt 0.046148 0.290549
vt 0.187500 0.505000
vt 0.187500 0.500000
vt 0.528307 0.341828
vt 0.543123 0.335691
vt 0.557976 0.329539
vt 0.187500 0.995000
vt 0.187500 1.000000
vt 0.028307 0.341828
vt 0.043123 0.335691
vt 0.057976 0.329539
vt 0.156250 0.505000
vt 0.156250 0.500000
vt 0.550482 0.383314
vt 0.563815 0.374405
vt 0.577183 0.365472
vt 0.156250 0.995000
vt 0.156250 1.000000
vt 0.050482 0.383314
vt 0.063815 0.374405
vt 0.077183 0.365473
vt 0.125000 0.505000
vt 0.125000 0.500000
vt 0.580324 0.419676
vt 0.591663 0.408337
vt 0.603031 0.396969
vt 0.125000 0.995000
vt 0.125000 1.000000
vt 0.080324 0.419676
vt 0.091663 0.408337
vt 0.103031 0.396969
vt 0.093750 0.505000
vt 0.093750 0.500000
vt 0.616686 0.449518
vt 0.625595 0.436185
vt 0.634527 0.422817
vt 0.093750 0.995000
vt 0.093750 1.000000
vt 0.116686 0.449518
vt 0.125595 0.436185
vt 0.134527 0.422817
vt 0.062500 0.505000
vt 0.062500 0.500000
vt 0.658172 0.471693
vt 0.664309 0.456878
vt 0.670461 0.442024
vt 0.062500 0.995000
vt 0.062500 1.000000
vt 0.158172 0.471693
vt 0.164309 0.456877
vt 0.170461 0.442024
vt 0.031250 0.505000
vt 0.031250 0.500000
vt 0.703187 0.485348
vt 0.706315 0.469620
vt 0.709452 0.453851
vt 0.031250 0.995000
vt 0.031250 1.000000
vt 0.203186 0.485348
vt 0.206315 0.469620
vt 0.209451 0.453851
vt 0.000000 0.505000
vt 0.000280 0.500000
vt 0.000000 0.995000
vt 0.000280 1.000000
s 0
f 322/455/261 330/456/261 332/457/261 324/458/261
f 324/459/262 332/460/262 331/461/262 323/462/262
f 323/462/263 331/461/263 329/463/263 321/464/263
f 334/465/264 326/466/264 328/467/264 336/468/264
f 336/469/265 328/470/265 327/471/265 335/472/265
f 335/472/266 327/471/266 325/473/266 333/474/266
f 330/456/267 338/475/267 340/476/267 332/457/267
f 332/460/268 340/477/268 339/478/268 331/461/268
f 331/461/269 339/478/269 337/479/269 329/463/269
f 342/480/270 334/465/270 336/468/270 344/481/270
f 344/482/271 336/469/271 335/472/271 343/483/271
f 343/483/272 335/472/272 333/474/272 341/484/272
f 338/475/273 346/485/273 348/486/273 340/476/273
f 340/477/274 348/487/274 347/488/274 339/478/274
f 339/478/275 347/488/275 345/489/275 337/479/275
f 350/490/276 342/480/276 344/481/276 352/491/276
f 352/492/277 344/482/277 343/483/277 351/493/277
f 351/493/278 343/483/278 341/484/278 349/494/278
f 346/485/279 354/495/279 356/496/279 348/486/279
f 348/487/280 356/497/280 355/498/280 347/488/280
f 347/488/281 355/498/281 353/499/281 345/489/281
f 358/500/282 350/490/282 352/491/282 360/501/282
f 360/502/283 352/492/283 351/493/283 359/503/283
f 359/503/284 351/493/284 349/494/284 357/504/284
f 354/495/285 362/505/285 364/506/285 356/496/285
f 356/497/286 364/507/286 363/508/286 355/498/286
f 355/498/287 363/508/287 361/509/287 353/499/287
f 366/510/288 358/500/288 360/501/288 368/511/288
f 368/512/289 360/502/289 359/503/289 367/513/289
f 367/513/290 359/503/290 357/504/290 365/514/290
f 362/505/291 370/515/291 372/516/291 364/506/291
f 364/507/292 372/517/292 371/518/292 363/508/292
f 363/508/293 371/518/293 369/519/293 361/509/293
f 374/520/294 366/510/294 368/511/294 376/521/294
f 376/522/295 368/512/295 367/513/295 375/523/295
f 375/523/296 367/513/296 365/514/296 373/524/296
f 370/515/297 378/525/297 380/526/297 372/516/297
f 372/517/298 380/527/298 379/528/298 371/518/298
f 371/518/299 379/528/299 377/529/299 369/519/299
f 382/530/300 374/520/300 376/521/300 384/531/300
f 384/532/301 376/522/301 375/523/301 383/533/301
f 383/533/302 375/523/302 373/524/302 381/534/302
f 378/525/303 386/535/303 388/536/303 380/526/303
f 380/527/304 388/537/304 387/538/304 379/528/304
f 379/528/305 387/538/305 385/539/305 377/529/305
f 390/540/306 382/530/306 384/531/306 392/541/306
f 392/542/307 384/532/307 383/533/307 391/543/307
f 391/543/308 383/533/308 381/534/308 389/544/308
f 386/535/309 394/545/309 396/546/309 388/536/309
f 388/537/310 396/547/310 395/548/310 387/538/310
f 387/538/311 395/548/311 393/549/311 385/539/311
f 398/550/312 390/540/312 392/541/312 400/551/312
f 400/552/313 392/542/313 391/543/313 399/553/313
f 399/553/314 391/543/314 389/544/314 397/554/314
f 394/545/315 402/555/315 404/556/315 396/546/315
f 396/547/316 404/557/316 403/558/316 395/548/316
f 395/548/317 403/558/317 401/559/317 393/549/317
f 406/560/318 398/550/318 400/551/318 408/561/318
f 408/562/319 400/552/319 399/553/319 407/563/319
f 407/563/320 399/553/320 397/554/320 405/564/320
f 402/555/321 410/565/321 412/566/321 404/556/321
f 404/557/322 412/567/322 411/568/322 403/558/322
f 403/558/323 411/568/323 409/569/323 401/559/323
f 414/570/324 406/560/324 408/561/324 416/571/324
f 416/572/325 408/562/325 407/563/325 415/573/325
f 415/573/326 407/563/326 405/564/326 413/574/326
f 410/565/327 418/575/327 420/576/327 412/566/327
f 412/567/328 420/577/328 419/578/328 411/568/328
f 411/568/329 419/578/329 417/579/329 409/569/329
f 422/580/330 414/570/330 416/571/330 424/581/330
f 424/582/331 416/572/331 415/573/331 423/583/331
f 423/583/332 415/573/332 413/574/332 421/584/332
f 418/575/333 426/585/333 428/586/333 420/576/333
f 420/577/334 428/587/334 427/588/334 419/578/334
f 419/578/335 427/588/335 425/589/335 417/579/335
f 430/590/336 422/580/336 424/581/336 432/591/336
f 432/592/337 424/582/337 423/583/337 431/593/337
f 431/593/338 423/583/338 421/584/338 429/594/338
f 426/585/339 434/595/339 436/596/339 428/586/339
f 428/587/340 436/597/340 435/598/340 427/588/340
f 427/588/341 435/598/341 433/599/341 425/589/341
f 438/600/342 430/590/342 432/591/342 440/601/342
f 440/602/343 432/592/343 431/593/343 439/603/343
f 439/603/344 431/593/344 429/594/344 437/604/344
f 434/595/345 442/605/345 444/606/345 436/596/345
f 436/597/346 444/607/346 443/608/346 435/598/346
f 435/598/347 443/608/347 441/609/347 433/599/347
f 446/610/348 438/600/348 440/601/348 448/611/348
f 448/612/349 440/602/349 439/603/349 447/613/349
f 447/613/350 439/603/350 437/604/350 445/614/350
f 442/605/351 450/615/351 452/616/351 444/606/351
f 444/607/352 452/617/352 451/618/352 443/608/352
f 443/608/353 451/618/353 449/619/353 441/609/353
f 454/620/354 446/610/354 448/611/354 456/621/354
f 456/622/355 448/612/355 447/613/355 455/623/355
f 455/623/356 447/613/356 445/614/356 453/624/356
f 450/615/357 458/625/357 460/626/357 452/616/357
f 452/617/358 460/627/358 459/628/358 451/618/358
f 451/618/359 459/628/359 457/629/359 449/619/359
f 462/630/360 454/620/360 456/621/360 464/631/360
f 464/632/361 456/622/361 455/623/361 463/633/361
f 463/633/362 455/623/362 453/624/362 461/634/362
f 458/625/363 466/635/363 468/636/363 460/626/363
f 460/627/364 468/637/364 467/638/364 459/628/364
f 459/628/365 467/638/365 465/639/365 457/629/365
f 470/640/366 462/630/366 464/631/366 472/641/366
f 472/642/367 464/632/367 463/633/367 471/643/367
f 471/643/368 463/633/368 461/634/368 469/644/368
f 466/635/369 474/645/369 476/646/369 468/636/369
f 468/637/370 476/647/370 475/648/370 467/638/370
f 467/638/371 475/648/371 473/649/371 465/639/371
f 478/650/372 470/640/372 472/641/372 480/651/372
f 480/652/373 472/642/373 471/643/373 479/653/373
f 479/653/374 471/643/374 469/644/374 477/654/374
f 474/645/375 482/655/375 484/656/375 476/646/375
f 476/647/376 484/657/376 483/658/376 475/648/376
f 475/648/377 483/658/377 481/659/377 473/649/377
f 486/660/378 478/650/378 480/651/378 488/661/378
f 488/662/379 480/652/379 479/653/379 487/663/379
f 487/663/380 479/653/380 477/654/380 485/664/380
f 482/655/381 490/665/381 492/666/381 484/656/381
f 484/657/382 492/667/382 491/668/382 483/658/382
f 483/658/383 491/668/383 489/669/383 481/659/383
f 494/670/384 486/660/384 488/661/384 496/671/384
f 496/672/385 488/662/385 487/663/385 495/673/385
f 495/673/386 487/663/386 485/664/386 493/674/386
f 490/665/387 498/675/387 500/676/387 492/666/387
f 492/667/388 500/677/388 499/678/388 491/668/388
f 491/668/389 499/678/389 497/679/389 489/669/389
f 502/680/390 494/670/390 496/671/390 504/681/390
f 504/682/391 496/672/391 495/673/391 503/683/391
f 503/683/392 495/673/392 493/674/392 501/684/392
f 498/675/393 506/685/393 508/686/393 500/676/393
f 500/677/394 508/687/394 507/688/394 499/678/394
f 499/678/395 507/688/395 505/689/395 497/679/395
f 510/690/396 502/680/396 504/681/396 512/691/396
f 512/692/397 504/682/397 503/683/397 511/693/397
f 511/693/398 503/683/398 501/684/398 509/694/398
f 506/685/399 514/695/399 516/696/399 508/686/399
f 508/687/400 516/697/400 515/698/400 507/688/400
f 507/688/401 515/698/401 513/699/401 505/689/401
f 518/700/402 510/690/402 512/691/402 520/701/402
f 520/702/403 512/692/403 511/693/403 519/703/403
f 519/703/404 511/693/404 509/694/404 517/704/404
f 514/695/405 522/705/405 524/706/405 516/696/405
f 516/697/406 524/707/406 523/708/406 515/698/406
f 515/698/407 523/708/407 521/709/407 513/699/407
f 526/710/408 518/700/408 520/701/408 528/711/408
f 528/712/409 520/702/409 519/703/409 527/713/409
f 527/713/410 519/703/410 517/704/410 525/714/410
f 522/705/411 530/715/411 532/716/411 524/706/411
f 524/707/412 532/717/412 531/718/412 523/708/412
f 523/708/413 531/718/413 529/719/413 521/709/413
f 534/720/414 526/710/414 528/711/414 536/721/414
f 536/722/415 528/712/415 527/713/415 535/723/415
f 535/723/416 527/713/416 525/714/416 533/724/416
f 530/715/417 538/725/417 540/726/417 532/716/417
f 532/717/418 540/727/418 539/728/418 531/718/418
f 531/718/419 539/728/419 537/729/419 529/719/419
f 542/730/420 534/720/420 536/721/420 544/731/420
f 544/732/421 536/722/421 535/723/421 543/733/421
f 543/733/422 535/723/422 533/724/422 541/734/422
f 538/725/423 546/735/423 548/736/423 540/726/423
f 540/727/424 548/737/424 547/738/424 539/728/424
f 539/728/425 547/738/425 545/739/425 537/729/425
f 550/740/426 542/730/426 544/731/426 552/741/426
f 552/742/427 544/732/427 543/733/427 551/743/427
f 551/743/428 543/733/428 541/734/428 549/744/428
f 546/735/429 554/745/429 556/746/429 548/736/429
f 548/737/430 556/747/430 555/748/430 547/738/430
f 547/738/431 555/748/431 553/749/431 545/739/431
f 558/750/432 550/740/432 552/741/432 560/751/432
f 560/752/433 552/742/433 551/743/433 559/753/433
f 559/753/434 551/743/434 549/744/434 557/754/434
f 554/745/435 562/755/435 564/756/435 556/746/435
f 556/747/436 564/757/436 563/758/436 555/748/436
f 555/748/437 563/758/437 561/759/437 553/749/437
f 566/760/438 558/750/438 560/751/438 568/761/438
f 568/762/439 560/752/439 559/753/439 567/763/439
f 567/763/440 559/753/440 557/754/440 565/764/440
f 562/755/441 570/765/441 572/766/441 564/756/441
f 564/757/442 572/767/442 571/768/442 563/758/442
f 563/758/443 571/768/443 569/769/443 561/759/443
f 574/770/444 566/760/444 568/761/444 576/771/444
f 576/772/445 568/762/445 567/763/445 575/773/445
f 575/773/446 567/763/446 565/764/446 573/774/446
f 570/765/447 322/775/447 324/776/447 572/766/447
f 572/767/448 324/459/448 323/462/448 571/768/448
f 571/768/449 323/462/449 321/464/449 569/769/449
f 326/777/450 574/770/450 576/771/450 328/778/450
f 328/470/451 576/772/451 575/773/451 327/471/451
f 327/471/452 575/773/452 573/774/452 325/473/452
f 321/464/453 329/463/453 337/479/453 345/489/453 353/499/453 361/509/453 369/519/453 377/529/453 385/539/453 393/549/453 401/559/453 409/569/453 417/579/453 425/589/453 433/599/453 441/609/453 449/619/453 457/629/453 465/639/453 473/649/453 481/659/453 489/669/453 497/679/453 505/689/453 513/699/453 521/709/453 529/719/453 537/729/453 545/739/453 553/749/453 561/759/453 569/769/453
f 322/455/454 326/466/454 334/465/454 330/456/454
f 570/765/455 574/770/455 326/777/455 322/775/455
f 333/474/456 325/473/456 573/774/456 565/764/456 557/754/456 549/744/456 541/734/456 533/724/456 525/714/456 517/704/456 509/694/456 501/684/456 493/674/456 485/664/456 477/654/456 469/644/456 461/634/456 453/624/456 445/614/456 437/604/456 429/594/456 421/584/456 413/574/456 405/564/456 397/554/456 389/544/456 381/534/456 373/524/456 365/514/456 357/504/456 349/494/456 341/484/456
f 330/456/457 334/465/457 342/480/457 338/475/457
f 338/475/458 342/480/458 350/490/458 346/485/458
f 346/485/459 350/490/459 358/500/459 354/495/459
f 354/495/460 358/500/460 366/510/460 362/505/460
f 362/505/461 366/510/461 374/520/461 370/515/461
f 370/515/462 374/520/462 382/530/462 378/525/462
f 378/525/463 382/530/463 390/540/463 386/535/463
f 386/535/464 390/540/464 398/550/464 394/545/464
f 394/545/465 398/550/465 406/560/465 402/555/465
f 402/555/466 406/560/466 414/570/466 410/565/466
f 410/565/467 414/570/467 422/580/467 418/575/467
f 418/575/468 422/580/468 430/590/468 426/585/468
f 426/585/469 430/590/469 438/600/469 434/595/469
f 434/595/470 438/600/470 446/610/470 442/605/470
f 442/605/471 446/610/471 454/620/471 450/615/471
f 450/615/472 454/620/472 462/630/472 458/625/472
f 458/625/473 462/630/473 470/640/473 466/635/473
f 466/635/474 470/640/474 478/650/474 474/645/474
f 474/645/475 478/650/475 486/660/475 482/655/475
f 482/655/476 486/660/476 494/670/476 490/665/476
f 490/665/477 494/670/477 502/680/477 498/675/477
f 498/675/478 502/680/478 510/690/478 506/685/478
f 506/685/479 510/690/479 518/700/479 514/695/479
f 514/695/480 518/700/480 526/710/480 522/705/480
f 522/705/481 526/710/481 534/720/481 530/715/481
f 530/715/482 534/720/482 542/730/482 538/725/482
f 538/725/483 542/730/483 550/740/483 546/735/483
f 546/735/484 550/740/484 558/750/484 554/745/484
f 554/745/485 558/750/485 566/760/485 562/755/485
f 562/755/486 566/760/486 574/770/486 570/765/486
o Hand
v 0.000000 4.000000 -0.079903
v 0.000000 4.020000 -0.100000
v 0.000000 4.002679 -0.089952
v 0.000000 4.010000 -0.097308
v 0.000000 5.000000 -0.079903
v 0.000000 4.980000 -0.100000
v 0.000000 4.997321 -0.089952
v 0.000000 4.990000 -0.097308
v 0.015588 4.000000 -0.078368
v 0.019509 4.020000 -0.098079
v 0.017549 4.002679 -0.088223
v 0.018984 4.010000 -0.095438
v 0.015588 5.000000 -0.078368
v 0.019509 4.980000 -0.098079
v 0.017549 4.997321 -0.088223
v 0.018984 4.990000 -0.095438
v 0.030578 4.000000 -0.073821
v 0.038268 4.020000 -0.092388
v 0.034423 4.002679 -0.083104
v 0.037238 4.010000 -0.089900
v 0.030578 5.000000 -0.073821
v 0.038268 4.980000 -0.092388
v 0.034423 4.997321 -0.083104
v 0.037238 4.990000 -0.089900
v 0.044392 4.000000 -0.066437
v 0.055557 4.020000 -0.083147
v 0.049974 4.002679 -0.074792
v 0.054061 4.010000 -0.080908
v 0.044392 5.000000 -0.066437
v 0.055557 4.980000 -0.083147
v 0.049974 4.997321 -0.074792
v 0.054061 4.990000 -0.080908
v 0.056500 4.000000 -0.056500
v 0.070711 4.020000 -0.070711
v 0.063605 4.002679 -0.063605
v 0.068807 4.010000 -0.068807
v 0.056500 5.000000 -0.056500
v 0.070711 4.980000 -0.070711
v 0.063605 4.997321 -0.063605
v 0.068807 4.990000 -0.068807
v 0.066437 4.000000 -0.044392
v 0.083147 4.020000 -0.055557
v 0.074792 4.002679 -0.049974
v 0.080908 4.010000 -0.054061
v 0.066437 5.000000 -0.044392
v 0.083147 4.980000 -0.055557
v 0.074792 4.997321 -0.049974
v 0.080908 4.990000 -0.054061
v 0.073821 4.000000 -0.030578
v 0.092388 4.020000 -0.038268
v 0.083104 4.002679 -0.034423
v 0.089900 4.010000 -0.037238
v 0.073821 5.000000 -0.030578
v 0.092388 4.980000 -0.038268
v 0.083104 4.997321 -0.034423
v 0.089900 4.990000 -0.037238
v 0.078368 4.000000 -0.015588
v 0.098079 4.020000 -0.019509
v 0.088223 4.002679 -0.017549
v 0.095438 4.010000 -0.018984
v 0.078368 5.000000 -0.015588
v 0.098079 4.980000 -0.019509
v 0.088223 4.997321 -0.017549
v 0.095438 4.990000 -0.018984
v 0.079903 4.000000 0.000000
v 0.100000 4.020000 0.000000
v 0.089952 4.002679 0.000000
v 0.097308 4.010000 0.000000
v 0.079903 5.000000 0.000000
v 0.100000 4.980000 0.000000
v 0.089952 4.997321 0.000000
v 0.097308 4.990000 0.000000
v 0.078368 4.000000 0.015588
v 0.098079 4.020000 0.019509
v 0.088223 4.002679 0.017549
v 0.095438 4.010000 0.018984
v 0.078368 5.000000 0.015588
v 0.098079 4.980000 0.019509
v 0.088223 4.997321 0.017549
v 0.095438 4.990000 0.018984
v 0.073821 4.000000 0.030578
v 0.092388 4.020000 0.038268
v 0.083104 4.002679 0.034423
v 0.089900 4.010000 0.037238
v 0.073821 5.000000 0.030578
v 0.092388 4.980000 0.038268
v 0.083104 4.997321 0.034423
v 0.089900 4.990000 0.037238
v 0.066437 4.000000 0.044392
v 0.083147 4.020000 0.055557
v 0.074792 4.002679 0.049974
v 0.080908 4.010000 0.054061
v 0.066437 5.000000 0.044392
v 0.083147 4.980000 0.055557
v 0.074792 4.997321 0.049974
v 0.080908 4.990000 0.054061
v 0.056500 4.000000 0.056500
v 0.070711 4.020000 0.070711
v 0.063605 4.002679 0.063605
v 0.068807 4.010000 0.068807
v 0.056500 5.000000 0.056500
v 0.070711 4.980000 0.070711
v 0.063605 4.997321 0.063605
v 0.068807 4.990000 0.068807
v 0.044392 4.000000 0.066437
v 0.055557 4.020000 0.083147
v 0.049974 4.002679 0.074792
v 0.054061 4.010000 0.080908
v 0.044392 5.000000 0.066437
v 0.055557 4.980000 0.083147
v 0.049974 4.997321 0.074792
v 0.054061 4.990000 0.080908
v 0.030578 4.000000 0.073821
v 0.038268 4.020000 0.092388
v 0.034423 4.002679 0.083104
v 0.037238 4.010000 0.089900
v 0.030578 5.000000 0.073821
v 0.038268 4.980000 0.092388
v 0.034423 4.997321 0.083104
v 0.037238 4.990000 0.089900
v 0.015588 4.000000 0.078368
v 0.019509 4.020000 0.098079
v 0.017549 4.002679 0.088223
v 0.018984 4.010000 0.095438
v 0.015588 5.000000 0.078368
v 0.019509 4.980000 0.098079
v 0.017549 4.997321 0.088223
v 0.018984 4.990000 0.095438
v 0.000000 4.000000 0.079903
v 0.000000 4.020000 0.100000
v 0.000000 4.002679 0.089952
v 0.000000 4.010000 0.097308
v 0.000000 5.000000 0.079903
v 0.000000 4.980000 0.100000
v 0.000000 4.997321 0.089952
v 0.000000 4.990000 0.097308
v -0.015588 4.000000 0.078368
v -0.019509 4.020000 0.098079
v -0.017549 4.002679 0.088223
v -0.018984 4.010000 0.095438
v -0.015588 5.000000 0.078368
v -0.019509 4.980000 0.098079
v -0.017549 4.997321 0.088223
v -0.018984 4.990000 0.095438
v -0.030578 4.000000 0.073821
v -0.038268 4.020000 0.092388
v -0.034423 4.002679 0.083104
v -0.037238 4.010000 0.089900
v -0.030578 5.000000 0.073821
v -0.038268 4.980000 0.092388
v -0.034423 4.997321 0.083104
v -0.037238 4.990000 0.089900
v -0.044392 4.000000 0.066437
v -0.055557 4.020000 0.083147
v -0.049974 4.002679 0.074792
v -0.054061 4.010000 0.080908
v -0.044392 5.000000 0.066437
v -0.055557 4.980000 0.083147
v -0.049974 4.997321 0.074792
v -0.054061 4.990000 0.080908
v -0.056500 4.000000 0.056500
v -0.070711 4.020000 0.070711
v -0.063605 4.002679 0.063605
v -0.068807 4.010000 0.068807
v -0.056500 5.000000 0.056500
v -0.070711 4.980000 0.070711
v -0.063605 4.997321 0.063605
v -0.068807 4.990000 0.068807
v -0.066437 4.000000 0.044392
v -0.083147 4.020000 0.055557
v -0.074792 4.002679 0.049974
v -0.080908 4.010000 0.054061
v -0.066437 5.000000 0.044392
v -0.083147 4.980000 0.055557
v -0.074792 4.997321 0.049974
v -0.080908 4.990000 0.054061
v -0.073821 4.000000 0.030578
v -0.092388 4.020000 0.038268
v -0.083104 4.002679 0.034423
v -0.089900 4.010000 0.037238
v -0.073821 5.000000 0.030578
v -0.092388 4.980000 0.038268
v -0.083104 4.997321 0.034423
v -0.089900 4.990000 0.037238
v -0.078368 4.000000 0.015588
v -0.098079 4.020000 0.019509
v -0.088223 4.002679 0.017549
v -0.095438 4.010000 0.018984
v -0.078368 5.000000 0.015588
v -0.098079 4.980000 0.019509
v -0.088223 4.997321 0.017549
v -0.095438 4.990000 0.018984
v -0.079903 4.000000 0.000000
v -0.100000 4.020000 0.000000
v -0.089952 4.002679 0.000000
v -0.097308 4.010000 0.000000
v -0.079903 5.000000 0.000000
v -0.100000 4.980000 0.000000
v -0.089952 4.997321 0.000000
v -0.097308 4.990000 0.000000
v -0.078368 4.000000 -0.015588
v -0.098079 4.020000 -0.019509
v -0.088223 4.002679 -0.017549
v -0.095438 4.010000 -0.018984
v -0.078368 5.000000 -0.015588
v -0.098079 4.980000 -0.019509
v -0.088223 4.997321 -0.017549
v -0.095438 4.990000 -0.018984
v -0.073821 4.000000 -0.030578
v -0.092388 4.020000 -0.038268
v -0.083104 4.002679 -0.034423
v -0.089900 4.010000 -0.037238
v -0.073821 5.000000 -0.030578
v -0.092388 4.980000 -0.038268
v -0.083104 4.997321 -0.034423
v -0.089900 4.990000 -0.037238
v -0.066437 4.000000 -0.044392
v -0.083147 4.020000 -0.055557
v -0.074792 4.002679 -0.049974
v -0.080908 4.010000 -0.054061
v -0.066437 5.000000 -0.044392
v -0.083147 4.980000 -0.055557
v -0.074792 4.997321 -0.049974
v -0.080908 4.990000 -0.054061
v -0.056500 4.000000 -0.056500
v -0.070711 4.020000 -0.070711
v -0.063605 4.002679 -0.063605
v -0.068807 4.010000 -0.068807
v -0.056500 5.000000 -0.056500
v -0.070711 4.980000 -0.070711
v -0.063605 4.997321 -0.063605
v -0.068807 4.990000 -0.068807
v -0.044392 4.000000 -0.066437
v -0.055557 4.020000 -0.083147
v -0.049974 4.002679 -0.074792
v -0.054061 4.010000 -0.080908
v -0.044392 5.000000 -0.066437
v -0.055557 4.980000 -0.083147
v -0.049974 4.997321 -0.074792
v -0.054061 4.990000 -0.080908
v -0.030578 4.000000 -0.073821
v -0.038268 4.020000 -0.092388
v -0.034423 4.002679 -0.083104
v -0.037238 4.010000 -0.089900
v -0.030578 5.000000 -0.073821
v -0.038268 4.980000 -0.092388
v -0.034423 4.997321 -0.083104
v -0.037238 4.990000 -0.089900
v -0.015588 4.000000 -0.078368
v -0.019509 4.020000 -0.098079
v -0.017549 4.002679 -0.088223
v -0.018984 4.010000 -0.095438
v -0.015588 5.000000 -0.078368
v -0.019509 4.980000 -0.098079
v -0.017549 4.997321 -0.088223
v -0.018984 4.990000 -0.095438
vn 0.0947 -0.2588 -0.9613
vn 0.0693 -0.7071 -0.7037
vn 0.0254 -0.9659 -0.2576
vn 0.0947 0.2588 -0.9613
vn 0.0693 0.7071 -0.7037
vn 0.0254 0.9659 -0.2576
vn 0.2804 -0.2588 -0.9243
vn 0.2053 -0.7071 -0.6767
vn 0.0751 -0.9659 -0.2477
vn 0.2804 0.2588 -0.9243
vn 0.2053 0.7071 -0.6767
vn 0.0751 0.9659 -0.2477
vn 0.4553 -0.2588 -0.8519
vn 0.3333 -0.7071 -0.6236
vn 0.1220 -0.9659 -0.2283
vn 0.4553 0.2588 -0.8519
vn 0.3333 0.7071 -0.6236
vn 0.1220 0.9659 -0.2283
vn 0.6128 -0.2588 -0.7467
vn 0.4486 -0.7071 -0.5466
vn 0.1642 -0.9659 -0.2001
vn 0.6128 0.2588 -0.7467
vn 0.4486 0.7071 -0.5466
vn 0.1642 0.9659 -0.2001
vn 0.7467 -0.2588 -0.6128
vn 0.5466 -0.7071 -0.4486
vn 0.2001 -0.9659 -0.1642
vn 0.7467 0.2588 -0.6128
vn 0.5466 0.7071 -0.4486
vn 0.2001 0.9659 -0.1642
vn 0.8519 -0.2588 -0.4553
vn 0.6236 -0.7071 -0.3333
vn 0.2283 -0.9659 -0.1220
vn 0.8519 0.2588 -0.4553
vn 0.6236 0.7071 -0.3333
vn 0.2283 0.9659 -0.1220
vn 0.9243 -0.2588 -0.2804
vn 0.6767 -0.7071 -0.2053
vn 0.2477 -0.9659 -0.0751
vn 0.9243 0.2588 -0.2804
vn 0.6767 0.7071 -0.2053
vn 0.2477 0.9659 -0.0751
vn 0.9613 -0.2588 -0.0947
vn 0.7037 -0.7071 -0.0693
vn 0.2576 -0.9659 -0.0254
vn 0.9613 0.2588 -0.0947
vn 0.7037 0.7071 -0.0693
vn 0.2576 0.9659 -0.0254
vn 0.9613 -0.2588 0.0947
vn 0.7037 -0.7071 0.0693
vn 0.2576 -0.9659 0.0254
vn 0.9613 0.2588 0.0947
vn 0.7037 0.7071 0.0693
vn 0.2576 0.9659 0.0254
vn 0.9243 -0.2588 0.2804
vn 0.6767 -0.7071 0.2053
vn 0.2477 -0.9659 0.0751
vn 0.9243 0.2588 0.2804
vn 0.6767 0.7071 0.2053
vn 0.2477 0.9659 0.0751
vn 0.8519 -0.2588 0.4553
vn 0.6236 -0.7071 0.3333
vn 0.2283 -0.9659 0.1220
vn 0.8519 0.2588 0.4553
vn 0.6236 0.7071 0.3333
vn 0.2283 0.9659 0.1220
vn 0.7467 -0.2588 0.6128
vn 0.5466 -0.7071 0.4486
vn 0.2001 -0.9659 0.1642
vn 0.7467 0.2588 0.6128
vn 0.5466 0.7071 0.4486
vn 0.2001 0.9659 0.1642
vn 0.6128 -0.2588 0.7467
vn 0.4486 -0.7071 0.5466
vn 0.1642 -0.9659 0.2001
vn 0.6128 0.2588 0.7467
vn 0.4486 0.7071 0.5466
vn 0.1642 0.9659 0.2001
vn 0.4553 -0.2588 0.8519
vn 0.3333 -0.7071 0.6236
vn 0.1220 -0.9659 0.2283
vn 0.4553 0.2588 0.8519
vn 0.3333 0.7071 0.6236
vn 0.1220 0.9659 0.2283
vn 0.2804 -0.2588 0.9243
vn 0.2053 -0.7071 0.6767
vn 0.0751 -0.9659 0.2477
vn 0.2804 0.2588 0.9243
vn 0.2053 0.7071 0.6767
vn 0.0751 0.9659 0.2477
vn 0.0947 -0.2588 0.9613
vn 0.0693 -0.7071 0.7037
vn 0.0254 -0.9659 0.2576
vn 0.0947 0.2588 0.9613
vn 0.0693 0.7071 0.7037
vn 0.0254 0.9659 0.2576
vn -0.0947 -0.2588 0.9613
vn -0.0693 -0.7071 0.7037
vn -0.0254 -0.9659 0.2576
vn -0.0947 0.2588 0.9613
vn -0.0693 0.7071 0.7037
vn -0.0254 0.9659 0.2576
vn -0.2804 -0.2588 0.9243
vn -0.2053 -0.7071 0.6767
vn -0.0751 -0.9659 0.2477
vn -0.2804 0.2588 0.9243
vn -0.2053 0.7071 0.6767
vn -0.0751 0.9659 0.2477
vn -0.4553 -0.2588 0.8519
vn -0.3333 -0.7071 0.6236
vn -0.1220 -0.9659 0.2283
vn -0.4553 0.2588 0.8519
vn -0.3333 0.7071 0.6236
vn -0.1220 0.9659 0.2283
vn -0.6128 -0.2588 0.7467
vn -0.4486 -0.7071 0.5466
vn -0.1642 -0.9659 0.2001
vn -0.6128 0.2588 0.7467
vn -0.4486 0.7071 0.5466
vn -0.1642 0.9659 0.2001
vn -0.7467 -0.2588 0.6128
vn -0.5466 -0.7071 0.4486
vn -0.2001 -0.9659 0.1642
vn -0.7467 0.2588 0.6128
vn -0.5466 0.7071 0.4486
vn -0.2001 0.9659 0.1642
vn -0.8519 -0.2588 0.4553
vn -0.6236 -0.7071 0.3333
vn -0.2283 -0.9659 0.1220
vn -0.8519 0.2588 0.4553
vn -0.6236 0.7071 0.3333
vn -0.2283 0.9659 0.1220
vn -0.9243 -0.2588 0.2804
vn -0.6767 -0.7071 0.2053
vn -0.2477 -0.9659 0.0751
vn -0.9243 0.2588 0.2804
vn -0.6767 0.7071 0.2053
vn -0.2477 0.9659 0.0751
vn -0.9613 -0.2588 0.0947
vn -0.7037 -0.7071 0.0693
vn -0.2576 -0.9659 0.0254
vn -0.9613 0.2588 0.0947
vn -0.7037 0.7071 0.0693
vn -0.2576 0.9659 0.0254
vn -0.9613 -0.2588 -0.0947
vn -0.7037 -0.7071 -0.0693
vn -0.2576 -0.9659 -0.0254
vn -0.9613 0.2588 -0.0947
vn -0.7037 0.7071 -0.0693
vn -0.2576 0.9659 -0.0254
vn -0.9243 -0.2588 -0.2804
vn -0.6767 -0.7071 -0.2053
vn -0.2477 -0.9659 -0.0751
vn -0.9243 0.2588 -0.2804
vn -0.6767 0.7071 -0.2053
vn -0.2477 0.9659 -0.0751
vn -0.8519 -0.2588 -0.4553
vn -0.6236 -0.7071 -0.3333
vn -0.2283 -0.9659 -0.1220
vn -0.8519 0.2588 -0.4553
vn -0.6236 0.7071 -0.3333
vn -0.2283 0.9659 -0.1220
vn -0.7467 -0.2588 -0.6128
vn -0.5466 -0.7071 -0.4486
vn -0.2001 -0.9659 -0.1642
vn -0.7467 0.2588 -0.6128
vn -0.5466 0.7071 -0.4486
vn -0.2001 0.9659 -0.1642
vn -0.6128 -0.2588 -0.7467
vn -0.4486 -0.7071 -0.5466
vn -0.1642 -0.9659 -0.2001
vn -0.6128 0.2588 -0.7467
vn -0.4486 0.7071 -0.5466
vn -0.1642 0.9659 -0.2001
vn -0.4553 -0.2588 -0.8519
vn -0.3333 -0.7071 -0.6236
vn -0.1220 -0.9659 -0.2283
vn -0.4553 0.2588 -0.8519
vn -0.3333 0.7071 -0.6236
vn -0.1220 0.9659 -0.2283
vn -0.2804 -0.2588 -0.9243
vn -0.2053 -0.7071 -0.6767
vn -0.0751 -0.9659 -0.2477
vn -0.2804 0.2588 -0.9243
vn -0.2053 0.7071 -0.6767
vn -0.0751 0.9659 -0.2477
vn -0.0947 -0.2588 -0.9613
vn -0.0693 -0.7071 -0.7037
vn -0.0254 -0.9659 -0.2576
vn -0.0947 0.2588 -0.9613
vn -0.0693 0.7071 -0.7037
vn -0.0254 0.9659 -0.2576
vn -0.0000 -1.0000 -0.0000
vn 0.0980 -0.0000 -0.9952
vn -0.0980 -0.0000 -0.9952
vn -0.0000 1.0000 -0.0000
vn 0.2903 -0.0000 -0.9569
vn 0.4714 -0.0000 -0.8819
vn 0.6344 -0.0000 -0.7730
vn 0.7730 -0.0000 -0.6344
vn 0.8819 -0.0000 -0.4714
vn 0.9569 -0.0000 -0.2903
vn 0.9952 -0.0000 -0.0980
vn 0.9952 -0.0000 0.0980
vn 0.9569 -0.0000 0.2903
vn 0.8819 -0.0000 0.4714
vn 0.7730 -0.0000 0.6344
vn 0.6344 -0.0000 0.7730
vn 0.4714 -0.0000 0.8819
vn 0.2903 -0.0000 0.9569
vn 0.0980 -0.0000 0.9952
vn -0.0980 -0.0000 0.9952
vn -0.2903 -0.0000 0.9569
vn -0.4714 -0.0000 0.8819
vn -0.6344 -0.0000 0.7730
vn -0.7730 -0.0000 0.6344
vn -0.8819 -0.0000 0.4714
vn -0.9569 -0.0000 0.2903
vn -0.9952 -0.0000 0.0980
vn -0.9952 -0.0000 -0.0980
vn -0.9569 -0.0000 -0.2903
vn -0.8819 -0.0000 -0.4714
vn -0.7730 -0.0000 -0.6344
vn -0.6344 -0.0000 -0.7730
vn -0.4714 -0.0000 -0.8819
vn -0.2903 -0.0000 -0.9569
vt 1.000000 0.510000
vt 0.968750 0.510000
vt 0.968750 0.500000
vt 0.999579 0.500000
vt 0.750000 0.489938
vt 0.796810 0.485328
vt 0.792117 0.461736
vt 0.750000 0.465884
vt 0.787412 0.438083
vt 0.750000 0.441768
vt 0.968750 0.990000
vt 1.000000 0.990000
vt 0.999579 1.000000
vt 0.968750 1.000000
vt 0.296810 0.485328
vt 0.250000 0.489938
vt 0.250000 0.465884
vt 0.292117 0.461736
vt 0.250000 0.441768
vt 0.287412 0.438083
vt 0.937500 0.510000
vt 0.937500 0.500000
vt 0.841820 0.471674
vt 0.832615 0.449451
vt 0.823386 0.427170
vt 0.937500 0.990000
vt 0.937500 1.000000
vt 0.341820 0.471674
vt 0.332615 0.449451
vt 0.323386 0.427170
vt 0.906250 0.510000
vt 0.906250 0.500000
vt 0.883302 0.449501
vt 0.869939 0.429501
vt 0.856541 0.409449
vt 0.906250 0.990000
vt 0.906250 1.000000
vt 0.383302 0.449501
vt 0.369939 0.429501
vt 0.356541 0.409449
vt 0.875000 0.510000
vt 0.875000 0.500000
vt 0.919662 0.419662
vt 0.902653 0.402653
vt 0.885600 0.385600
vt 0.875000 0.990000
vt 0.875000 1.000000
vt 0.419662 0.419662
vt 0.402653 0.402653
vt 0.385600 0.385600
vt 0.843750 0.510000
vt 0.843750 0.500000
vt 0.949501 0.383302
vt 0.929501 0.369939
vt 0.909449 0.356541
vt 0.843750 0.990000
vt 0.843750 1.000000
vt 0.449501 0.383302
vt 0.429501 0.369939
vt 0.409449 0.356541
vt 0.812500 0.510000
vt 0.812500 0.500000
vt 0.971674 0.341820
vt 0.949451 0.332615
vt 0.927170 0.323386
vt 0.812500 0.990000
vt 0.812500 1.000000
vt 0.471674 0.341820
vt 0.449451 0.332615
vt 0.427170 0.323386
vt 0.781250 0.510000
vt 0.781250 0.500000
vt 0.985327 0.296810
vt 0.961736 0.292117
vt 0.938083 0.287412
vt 0.781250 0.990000
vt 0.781250 1.000000
vt 0.485328 0.296810
vt 0.461736 0.292117
vt 0.438083 0.287412
vt 0.750000 0.510000
vt 0.750000 0.500000
vt 0.989938 0.250000
vt 0.965884 0.250000
vt 0.941768 0.250000
vt 0.750000 0.990000
vt 0.750000 1.000000
vt 0.489938 0.250000
vt 0.465884 0.250000
vt 0.441768 0.250000
vt 0.718750 0.510000
vt 0.718750 0.500000
vt 0.985328 0.203190
vt 0.961736 0.207883
vt 0.938083 0.212588
vt 0.718750 0.990000
vt 0.718750 1.000000
vt 0.485328 0.203190
vt 0.461736 0.207883
vt 0.438083 0.212588
vt 0.687500 0.510000
vt 0.687500 0.500000
vt 0.971674 0.158180
vt 0.949451 0.167385
vt 0.927170 0.176614
vt 0.687500 0.990000
vt 0.687500 1.000000
vt 0.471674 0.158180
vt 0.449451 0.167385
vt 0.427170 0.176614
vt 0.656250 0.510000
vt 0.656250 0.500000
vt 0.949501 0.116698
vt 0.929501 0.130061
vt 0.909449 0.143460
vt 0.656250 0.990000
vt 0.656250 1.000000
vt 0.449501 0.116698
vt 0.429501 0.130061
vt 0.409449 0.143459
vt 0.625000 0.510000
vt 0.625000 0.500000
vt 0.919662 0.080338
vt 0.902653 0.097347
vt 0.885601 0.114400
vt 0.625000 0.990000
vt 0.625000 1.000000
vt 0.419662 0.080338
vt 0.402653 0.097347
vt 0.385600 0.114400
vt 0.593750 0.510000
vt 0.593750 0.500000
vt 0.883302 0.050499
vt 0.869939 0.070499
vt 0.856541 0.090551
vt 0.593750 0.990000
vt 0.593750 1.000000
vt 0.383302 0.050499
vt 0.369939 0.070499
vt 0.356541 0.090551
vt 0.562500 0.510000
vt 0.562500 0.500000
vt 0.841820 0.028326
vt 0.832615 0.050549
vt 0.823386 0.072830
vt 0.562500 0.990000
vt 0.562500 1.000000
vt 0.341820 0.028326
vt 0.332615 0.050549
vt 0.323386 0.072830
vt 0.531250 0.510000
vt 0.531250 0.500000
vt 0.796810 0.014672
vt 0.792117 0.038264
vt 0.787412 0.061917
vt 0.531250 0.990000
vt 0.531250 1.000000
vt 0.296810 0.014672
vt 0.292117 0.038264
vt 0.287412 0.061917
vt 0.500000 0.510000
vt 0.500000 0.500000
vt 0.750000 0.010062
vt 0.750000 0.034116
vt 0.750000 0.058232
vt 0.500000 0.990000
vt 0.500000 1.000000
vt 0.250000 0.010062
vt 0.250000 0.034116
vt 0.250000 0.058232
vt 0.468750 0.510000
vt 0.468750 0.500000
vt 0.703190 0.014672
vt 0.707883 0.038264
vt 0.712588 0.061917
vt 0.468750 0.990000
vt 0.468750 1.000000
vt 0.203190 0.014672
vt 0.207883 0.038264
vt 0.212588 0.061917
vt 0.437500 0.510000
vt 0.437500 0.500000
vt 0.658180 0.028326
vt 0.667385 0.050549
vt 0.676614 0.072830
vt 0.437500 0.990000
vt 0.437500 1.000000
vt 0.158180 0.028326
vt 0.167385 0.050549
vt 0.176614 0.072830
vt 0.406250 0.510000
vt 0.406250 0.500000
vt 0.616698 0.050499
vt 0.630061 0.070499
vt 0.643459 0.090551
vt 0.406250 0.990000
vt 0.406250 1.000000
vt 0.116698 0.050499
vt 0.130061 0.070499
vt 0.143459 0.090551
vt 0.375000 0.510000
vt 0.375000 0.500000
vt 0.580338 0.080338
vt 0.597347 0.097347
vt 0.614400 0.114400
vt 0.375000 0.990000
vt 0.375000 1.000000
vt 0.080338 0.080338
vt 0.097347 0.097347
vt 0.114400 0.114400
vt 0.343750 0.510000
vt 0.343750 0.500000
vt 0.550499 0.116698
vt 0.570499 0.130061
vt 0.590551 0.143459
vt 0.343750 0.990000
vt 0.343750 1.000000
vt 0.050499 0.116698
vt 0.070499 0.130061
vt 0.090551 0.143460
vt 0.312500 0.510000
vt 0.312500 0.500000
vt 0.528326 0.158180
vt 0.550549 0.167385
vt 0.572830 0.176614
vt 0.312500 0.990000
vt 0.312500 1.000000
vt 0.028326 0.158180
vt 0.050549 0.167385
vt 0.072830 0.176614
vt 0.281250 0.510000
vt 0.281250 0.500000
vt 0.514672 0.203190
vt 0.538264 0.207883
vt 0.561917 0.212588
vt 0.281250 0.990000
vt 0.281250 1.000000
vt 0.014672 0.203190
vt 0.038264 0.207883
vt 0.061917 0.212588
vt 0.250000 0.510000
vt 0.250000 0.500000
vt 0.510062 0.250000
vt 0.534116 0.250000
vt 0.558232 0.250000
vt 0.250000 0.990000
vt 0.250000 1.000000
vt 0.010062 0.250000
vt 0.034116 0.250000
vt 0.058232 0.250000
vt 0.218750 0.510000
vt 0.218750 0.500000
vt 0.514672 0.296810
vt 0.538264 0.292117
vt 0.561917 0.287412
vt 0.218750 0.990000
vt 0.218750 1.000000
vt 0.014672 0.296810
vt 0.038264 0.292117
vt 0.061917 0.287412
vt 0.187500 0.510000
vt 0.187500 0.500000
vt 0.528326 0.341820
vt 0.550549 0.332615
vt 0.572830 0.323386
vt 0.187500 0.990000
vt 0.187500 1.000000
vt 0.028326 0.341820
vt 0.050549 0.332615
vt 0.072830 0.323386
vt 0.156250 0.510000
vt 0.156250 0.500000
vt 0.550499 0.383302
vt 0.570499 0.369939
vt 0.590551 0.356540
vt 0.156250 0.990000
vt 0.156250 1.000000
vt 0.050499 0.383302
vt 0.070499 0.369939
vt 0.090551 0.356541
vt 0.125000 0.510000
vt 0.125000 0.500000
vt 0.580338 0.419662
vt 0.597347 0.402653
vt 0.614400 0.385600
vt 0.125000 0.990000
vt 0.125000 1.000000
vt 0.080338 0.419662
vt 0.097347 0.402653
vt 0.114400 0.385600
vt 0.093750 0.510000
vt 0.093750 0.500000
vt 0.616698 0.449501
vt 0.630061 0.429501
vt 0.643460 0.409449
vt 0.093750 0.990000
vt 0.093750 1.000000
vt 0.116698 0.449501
vt 0.130061 0.429501
vt 0.143459 0.409449
vt 0.062500 0.510000
vt 0.062500 0.500000
vt 0.658180 0.471674
vt 0.667385 0.449451
vt 0.676614 0.427170
vt 0.062500 0.990000
vt 0.062500 1.000000
vt 0.158180 0.471674
vt 0.167385 0.449451
vt 0.176614 0.427170
vt 0.031250 0.510000
vt 0.031250 0.500000
vt 0.703191 0.485328
vt 0.707883 0.461736
vt 0.712588 0.438083
vt 0.031250 0.990000
vt 0.031250 1.000000
vt 0.203190 0.485328
vt 0.207883 0.461736
vt 0.212588 0.438083
vt 0.000000 0.510000
vt 0.000421 0.500000
vt 0.000000 0.990000
vt 0.000421 1.000000
s 0
f 578/779/487 586/780/487 588/781/487 580/782/487
f 580/783/488 588/784/488 587/785/488 579/786/488
f 579/786/489 587/785/489 585/787/489 577/788/489
f 590/789/490 582/790/490 584/791/490 592/792/490
f 592/793/491 584/794/491 583/795/491 591/796/491
f 591/796/492 583/795/492 581/797/492 589/798/492
f 586/780/493 594/799/493 596/800/493 588/781/493
f 588/784/494 596/801/494 595/802/494 587/785/494
f 587/785/495 595/802/495 593/803/495 585/787/495
f 598/804/496 590/789/496 592/792/496 600/805/496
f 600/806/497 592/793/497 591/796/497 599/807/497
f 599/807/498 591/796/498 589/798/498 597/808/498
f 594/799/499 602/809/499 604/810/499 596/800/499
f 596/801/500 604/811/500 603/812/500 595/802/500
f 595/802/501 603/812/501 601/813/501 593/803/501
f 606/814/502 598/804/502 600/805/502 608/815/502
f 608/816/503 600/806/503 599/807/503 607/817/503
f 607/817/504 599/807/504 597/808/504 605/818/504
f 602/809/505 610/819/505 612/820/505 604/810/505
f 604/811/506 612/821/506 611/822/506 603/812/506
f 603/812/507 611/822/507 609/823/507 601/813/507
f 614/824/508 606/814/508 608/815/508 616/825/508
f 616/826/509 608/816/509 607/817/509 615/827/509
f 615/827/510 607/817/510 605/818/510 613/828/510
f 610/819/511 618/829/511 620/830/511 612/820/511
f 612/821/512 620/831/512 619/832/512 611/822/512
f 611/822/513 619/832/513 617/833/513 609/823/513
f 622/834/514 614/824/514 616/825/514 624/835/514
f 624/836/515 616/826/515 615/827/515 623/837/515
f 623/837/516 615/827/516 613/828/516 621/838/516
f 618/829/517 626/839/517 628/840/517 620/830/517
f 620/831/518 628/841/518 627/842/518 619/832/518
f 619/832/519 627/842/519 625/843/519 617/833/519
f 630/844/520 622/834/520 624/835/520 632/845/520
f 632/846/521 624/836/521 623/837/521 631/847/521
f 631/847/522 623/837/522 621/838/522 629/848/522
f 626/839/523 634/849/523 636/850/523 628/840/523
f 628/841/524 636/851/524 635/852/524 627/842/524
f 627/842/525 635/852/525 633/853/525 625/843/525
f 638/854/526 630/844/526 632/845/526 640/855/526
f 640/856/527 632/846/527 631/847/527 639/857/527
f 639/857/528 631/847/528 629/848/528 637/858/528
f 634/849/529 642/859/529 644/860/529 636/850/529
f 636/851/530 644/861/530 643/862/530 635/852/530
f 635/852/531 643/862/531 641/863/531 633/853/531
f 646/864/532 638/854/532 640/855/532 648/865/532
f 648/866/533 640/856/533 639/857/533 647/867/533
f 647/867/534 639/857/534 637/858/534 645/868/534
f 642/859/535 650/869/535 652/870/535 644/860/535
f 644/861/536 652/871/536 651/872/536 643/862/536
f 643/862/537 651/872/537 649/873/537 641/863/537
f 654/874/538 646/864/538 648/865/538 656/875/538
f 656/876/539 648/866/539 647/867/539 655/877/539
f 655/877/540 647/867/540 645/868/540 653/878/540
f 650/869/541 658/879/541 660/880/541 652/870/541
f 652/871/542 660/881/542 659/882/542 651/872/542
f 651/872/543 659/882/543 657/883/543 649/873/543
f 662/884/544 654/874/544 656/875/544 664/885/544
f 664/886/545 656/876/545 655/877/545 663/887/545
f 663/887/546 655/877/546 653/878/546 661/888/546
f 658/879/547 666/889/547 668/890/547 660/880/547
f 660/881/548 668/891/548 667/892/548 659/882/548
f 659/882/549 667/892/549 665/893/549 657/883/549
f 670/894/550 662/884/550 664/885/550 672/895/550
f 672/896/551 664/886/551 663/887/551 671/897/551
f 671/897/552 663/887/552 661/888/552 669/898/552
f 666/889/553 674/899/553 676/900/553 668/890/553
f 668/891/554 676/901/554 675/902/554 667/892/554
f 667/892/555 675/902/555 673/903/555 665/893/555
f 678/904/556 670/894/556 672/895/556 680/905/556
f 680/906/557 672/896/557 671/897/557 679/907/557
f 679/907/558 671/897/558 669/898/558 677/908/558
f 674/899/559 682/909/559 684/910/559 676/900/559
f 676/901/560 684/911/560 683/912/560 675/902/560
f 675/902/561 683/912/561 681/913/561 673/903/561
f 686/914/562 678/904/562 680/905/562 688/915/562
f 688/916/563 680/906/563 679/907/563 687/917/563
f 687/917/564 679/907/564 677/908/564 685/918/564
f 682/909/565 690/919/565 692/920/565 684/910/565
f 684/911/566 692/921/566 691/922/566 683/912/566
f 683/912/567 691/922/567 689/923/567 681/913/567
f 694/924/568 686/914/568 688/915/568 696/925/568
f 696/926/569 688/916/569 687/917/569 695/927/569
f 695/927/570 687/917/570 685/918/570 693/928/570
f 690/919/571 698/929/571 700/930/571 692/920/571
f 692/921/572 700/931/572 699/932/572 691/922/572
f 691/922/573 699/932/573 697/933/573 689/923/573
f 702/934/574 694/924/574 696/925/574 704/935/574
f 704/936/575 696/926/575 695/927/575 703/937/575
f 703/937/576 695/927/576 693/928/576 701/938/576
f 698/929/577 706/939/577 708/940/577 700/930/577
f 700/931/578 708/941/578 707/942/578 699/932/578
f 699/932/579 707/942/579 705/943/579 697/933/579
f 710/944/580 702/934/580 704/935/580 712/945/580
f 712/946/581 704/936/581 703/937/581 711/947/581
f 711/947/582 703/937/582 701/938/582 709/948/582
f 706/939/583 714/949/583 716/950/583 708/940/583
f 708/941/584 716/951/584 715/952/584 707/942/584
f 707/942/585 715/952/585 713/953/585 705/943/585
f 718/954/586 710/944/586 712/945/586 720/955/586
f 720/956/587 712/946/587 711/947/587 719/957/587
f 719/957/588 711/947/588 709/948/588 717/958/588
f 714/949/589 722/959/589 724/960/589 716/950/589
f 716/951/590 724/961/590 723/962/590 715/952/590
f 715/952/591 723/962/591 721/963/591 713/953/591
f 726/964/592 718/954/592 720/955/592 728/965/592
f 728/966/593 720/956/593 719/957/593 727/967/593
f 727/967/594 719/957/594 717/958/594 725/968/594
f 722/959/595 730/969/595 732/970/595 724/960/595
f 724/961/596 732/971/596 731/972/596 723/962/596
f 723/962/597 731/972/597 729/973/597 721/963/597
f 734/974/598 726/964/598 728/965/598 736/975/598
f 736/976/599 728/966/599 727/967/599 735/977/599
f 735/977/600 727/967/600 725/968/600 733/978/600
f 730/969/601 738/979/601 740/980/601 732/970/601
f 732/971/602 740/981/602 739/982/602 731/972/602
f 731/972/603 739/982/603 737/983/603 729/973/603
f 742/984/604 734/974/604 736/975/604 744/985/604
f 744/986/605 736/976/605 735/977/605 743/987/605
f 743/987/606 735/977/606 733/978/606 741/988/606
f 738/979/607 746/989/607 748/990/607 740/980/607
f 740/981/608 748/991/608 747/992/608 739/982/608
f 739/982/609 747/992/609 745/993/609 737/983/609
f 750/994/610 742/984/610 744/985/610 752/995/610
f 752/996/611 744/986/611 743/987/611 751/997/611
f 751/997/612 743/987/612 741/988/612 749/998/612
f 746/989/613 754/999/613 756/1000/613 748/990/613
f 748/991/614 756/1001/614 755/1002/614 747/992/614
f 747/992/615 755/1002/615 753/1003/615 745/993/615
f 758/1004/616 750/994/616 752/995/616 760/1005/616
f 760/1006/617 752/996/617 751/997/617 759/1007/617
f 759/1007/618 751/997/618 749/998/618 757/1008/618
f 754/999/619 762/1009/619 764/1010/619 756/1000/619
f 756/1001/620 764/1011/620 763/1012/620 755/1002/620
f 755/1002/621 763/1012/621 761/1013/621 753/1003/621
f 766/1014/622 758/1004/622 760/1005/622 768/1015/622
f 768/1016/623 760/1006/623 759/1007/623 767/1017/623
f 767/1017/624 759/1007/624 757/1008/624 765/1018/624
f 762/1009/625 770/1019/625 772/1020/625 764/1010/625
f 764/1011/626 772/1021/626 771/1022/626 763/1012/626
f 763/1012/627 771/1022/627 769/1023/627 761/1013/627
f 774/1024/628 766/1014/628 768/1015/628 776/1025/628
f 776/1026/629 768/1016/629 767/1017/629 775/1027/629
f 775/1027/630 767/1017/630 765/1018/630 773/1028/630
f 770/1019/631 778/1029/631 780/1030/631 772/1020/631
f 772/1021/632 780/1031/632 779/1032/632 771/1022/632
f 771/1022/633 779/1032/633 777/1033/633 769/1023/633
f 782/1034/634 774/1024/634 776/1025/634 784/1035/634
f 784/1036/635 776/1026/635 775/1027/635 783/1037/635
f 783/1037/636 775/1027/636 773/1028/636 781/1038/636
f 778/1029/637 786/1039/637 788/1040/637 780/1030/637
f 780/1031/638 788/1041/638 787/1042/638 779/1032/638
f 779/1032/639 787/1042/639 785/1043/639 777/1033/639
f 790/1044/640 782/1034/640 784/1035/640 792/1045/640
f 792/1046/641 784/1036/641 783/1037/641 791/1047/641
f 791/1047/642 783/1037/642 781/1038/642 789/1048/642
f 786/1039/643 794/1049/643 796/1050/643 788/1040/643
f 788/1041/644 796/1051/644 795/1052/644 787/1042/644
f 787/1042/645 795/1052/645 793/1053/645 785/1043/645
f 798/1054/646 790/1044/646 792/1045/646 800/1055/646
f 800/1056/647 792/1046/647 791/1047/647 799/1057/647
f 799/1057/648 791/1047/648 789/1048/648 797/1058/648
f 794/1049/649 802/1059/649 804/1060/649 796/1050/649
f 796/1051/650 804/1061/650 803/1062/650 795/1052/650
f 795/1052/651 803/1062/651 801/1063/651 793/1053/651
f 806/1064/652 798/1054/652 800/1055/652 808/1065/652
f 808/1066/653 800/1056/653 799/1057/653 807/1067/653
f 807/1067/654 799/1057/654 797/1058/654 805/1068/654
f 802/1059/655 810/1069/655 812/1070/655 804/1060/655
f 804/1061/656 812/1071/656 811/1072/656 803/1062/656
f 803/1062/657 811/1072/657 809/1073/657 801/1063/657
f 814/1074/658 806/1064/658 808/1065/658 816/1075/658
f 816/1076/659 808/1066/659 807/1067/659 815/1077/659
f 815/1077/660 807/1067/660 805/1068/660 813/1078/660
f 810/1069/661 818/1079/661 820/1080/661 812/1070/661
f 812/1071/662 820/1081/662 819/1082/662 811/1072/662
f 811/1072/663 819/1082/663 817/1083/663 809/1073/663
f 822/1084/664 814/1074/664 816/1075/664 824/1085/664
f 824/1086/665 816/1076/665 815/1077/665 823/1087/665
f 823/1087/666 815/1077/666 813/1078/666 821/1088/666
f 818/1079/667 826/1089/667 828/1090/667 820/1080/667
f 820/1081/668 828/1091/668 827/1092/668 819/1082/668
f 819/1082/669 827/1092/669 825/1093/669 817/1083/669
f 830/1094/670 822/1084/670 824/1085/670 832/1095/670
f 832/1096/671 824/1086/671 823/1087/671 831/1097/671
f 831/1097/672 823/1087/672 821/1088/672 829/1098/672
f 826/1089/673 578/1099/673 580/1100/673 828/1090/673
f 828/1091/674 580/783/674 579/786/674 827/1092/674
f 827/1092/675 579/786/675 577/788/675 825/1093/675
f 582/1101/676 830/1094/676 832/1095/676 584/1102/676
f 584/794/677 832/1096/677 831/1097/677 583/795/677
f 583/795/678 831/1097/678 829/1098/678 581/797/678
f 577/788/679 585/787/679 593/803/679 601/813/679 609/823/679 617/833/679 625/843/679 633/853/679 641/863/679 649/873/679 657/883/679 665/893/679 673/903/679 681/913/679 689/923/679 697/933/679 705/943/679 713/953/679 721/963/679 729/973/679 737/983/679 745/993/679 753/1003/679 761/1013/679 769/1023/679 777/1033/679 785/1043/679 793/1053/679 801/1063/679 809/1073/679 817/1083/679 825/1093/679
f 578/779/680 582/790/680 590/789/680 586/780/680
f 826/1089/681 830/1094/681 582/1101/681 578/1099/681
f 589/798/682 581/797/682 829/1098/682 821/1088/682 813/1078/682 805/1068/682 797/1058/682 789/1048/682 781/1038/682 773/1028/682 765/1018/682 757/1008/682 749/998/682 741/988/682 733/978/682 725/968/682 717/958/682 709/948/682 701/938/682 693/928/682 685/918/682 677/908/682 669/898/682 661/888/682 653/878/682 645/868/682 637/858/682 629/848/682 621/838/682 613/828/682 605/818/682 597/808/682
f 586/780/683 590/789/683 598/804/683 594/799/683
f 594/799/684 598/804/684 606/814/684 602/809/684
f 602/809/685 606/814/685 614/824/685 610/819/685
f 610/819/686 614/824/686 622/834/686 618/829/686
f 618/829/687 622/834/687 630/844/687 626/839/687
f 626/839/688 630/844/688 638/854/688 634/849/688
f 634/849/689 638/854/689 646/864/689 642/859/689
f 642/859/690 646/864/690 654/874/690 650/869/690
f 650/869/691 654/874/691 662/884/691 658/879/691
f 658/879/692 662/884/692 670/894/692 666/889/692
f 666/889/693 670/894/693 678/904/693 674/899/693
f 674/899/694 678/904/694 686/914/694 682/909/694
f 682/909/695 686/914/695 694/924/695 690/919/695
f 690/919/696 694/924/696 702/934/696 698/929/696
f 698/929/697 702/934/697 710/944/697 706/939/697
f 706/939/698 710/944/698 718/954/698 714/949/698
f 714/949/699 718/954/699 726/964/699 722/959/699
f 722/959/700 726/964/700 734/974/700 730/969/700
f 730/969/701 734/974/701 742/984/701 738/979/701
f 738/979/702 742/984/702 750/994/702 746/989/702
f 746/989/703 750/994/703 758/1004/703 754/999/703
f 754/999/704 758/1004/704 766/1014/704 762/1009/704
f 762/1009/705 766/1014/705 774/1024/705 770/1019/705
f 770/1019/706 774/1024/706 782/1034/706 778/1029/706
f 778/1029/707 782/1034/707 790/1044/707 786/1039/707
f 786/1039/708 790/1044/708 798/1054/708 794/1049/708
f 794/1049/709 798/1054/709 806/1064/709 802/1059/709
f 802/1059/710 806/1064/710 814/1074/710 810/1069/710
f 810/1069/711 814/1074/711 822/1084/711 818/1079/711
f 818/1079/712 822/1084/712 830/1094/712 826/1089/712
